pos,corr_resp,thisN,thisTrialN,thisRepN,key_resp.keys,key_resp.corr,key_resp.rt,key_resp.duration,sequential.thisRepN,sequential.thisTrialN,sequential.thisN,sequential.thisIndex,fullRandom.thisRepN,fullRandom.thisTrialN,fullRandom.thisN,fullRandom.thisIndex,thisRow.t,notes,trial.started,fixation.started,line1.started,line2.started,line3.started,line4.started,fixation.stopped,probe.started,key_resp.started,trial.stopped,sequential.key_resp.keys,sequential.key_resp.corr,sequential.key_resp.rt,sequential.key_resp.duration,fullRandom.key_resp.keys,fullRandom.key_resp.corr,fullRandom.key_resp.rt,fullRandom.key_resp.duration,participant,session,date,expName,psychopyVersion,frameRate,expStart,
-50,x,0,0,0,x,1,0.9061486000427976,None,0,0,0,0,,,,,0.018728199996985495,,0.013348400010727346,0.018728199996985495,1.001761500025168,1.001761500025168,1.001761500025168,1.001761500025168,1.0186787999700755,2.0008996999822557,2.0008996999822557,2.9321760999737307,x,1,0.9061486000427976,None,,,,,0003,001,2025-10-02_17h12.30.509,Motor Seq Learning main code,2024.2.4,59.92915174755759,2025-10-02 17h12.44.707764 +0530,
150,v,1,1,0,v,1,0.35539959999732673,None,0,1,1,1,,,,,2.9373243000591174,,2.9328356999903917,2.9373243000591174,3.932732900022529,3.932732900022529,3.932732900022529,3.932732900022529,3.9493013999890536,4.93177560006734,4.93177560006734,5.299927799962461,v,1,0.35539959999732673,None,,,,,0003,001,2025-10-02_17h12.30.509,Motor Seq Learning main code,2024.2.4,59.92915174755759,2025-10-02 17h12.44.707764 +0530,
50,c,2,2,0,c,1,0.36215689999517053,None,0,2,2,2,,,,,5.314870200003497,,5.300466499989852,5.314870200003497,6.314030700013973,6.314030700013973,6.314030700013973,6.314030700013973,6.314030700013973,7.313018399989232,7.313018399989232,7.681017399998382,c,1,0.36215689999517053,None,,,,,0003,001,2025-10-02_17h12.30.509,Motor Seq Learning main code,2024.2.4,59.92915174755759,2025-10-02 17h12.44.707764 +0530,
-150,z,3,3,0,z,1,0.38183160009793937,None,0,3,3,3,,,,,7.6959872000152245,,7.6814976000459865,7.6959872000152245,8.695382500067353,8.695382500067353,8.695382500067353,8.695382500067353,8.695382500067353,9.694340800051577,9.694340800051577,10.079013300011866,z,1,0.38183160009793937,None,,,,,0003,001,2025-10-02_17h12.30.509,Motor Seq Learning main code,2024.2.4,59.92915174755759,2025-10-02 17h12.44.707764 +0530,
-50,x,4,0,1,x,1,0.43463249993510544,None,1,0,4,0,,,,,10.09402980003506,,10.07972839998547,10.09402980003506,11.09298790001776,11.09298790001776,11.09298790001776,11.09298790001776,11.09298790001776,12.0921811000444,12.0921811000444,12.543809000053443,x,1,0.43463249993510544,None,,,,,0003,001,2025-10-02_17h12.30.509,Motor Seq Learning main code,2024.2.4,59.92915174755759,2025-10-02 17h12.44.707764 +0530,
150,v,5,1,1,v,1,0.3186116999713704,None,1,1,5,1,,,,,12.558489199960604,,12.544511700049043,12.558489199960604,13.557687600026838,13.557687600026838,13.557687600026838,13.557687600026838,13.557687600026838,14.556655499967746,14.556655499967746,14.891433599987067,v,1,0.3186116999713704,None,,,,,0003,001,2025-10-02_17h12.30.509,Motor Seq Learning main code,2024.2.4,59.92915174755759,2025-10-02 17h12.44.707764 +0530,
50,c,6,2,1,c,1,0.32539060001727194,None,1,2,6,2,,,,,14.906422600033693,,14.891914700041525,14.906422600033693,15.905688700033352,15.905688700033352,15.905688700033352,15.905688700033352,15.905688700033352,16.904706400004216,16.904706400004216,17.238991599995643,c,1,0.32539060001727194,None,,,,,0003,001,2025-10-02_17h12.30.509,Motor Seq Learning main code,2024.2.4,59.92915174755759,2025-10-02 17h12.44.707764 +0530,
-150,z,7,3,1,z,1,0.3510793000459671,None,1,3,7,3,,,,,17.25432169996202,,17.239375500008464,17.25432169996202,18.253676800057292,18.253676800057292,18.253676800057292,18.253676800057292,18.253676800057292,19.252758900052868,19.252758900052868,19.620825999998488,z,1,0.3510793000459671,None,,,,,0003,001,2025-10-02_17h12.30.509,Motor Seq Learning main code,2024.2.4,59.92915174755759,2025-10-02 17h12.44.707764 +0530,
-50,x,8,0,2,x,1,0.46184700005687773,None,2,0,8,0,,,,,19.63574649998918,,19.621469000005163,19.63574649998918,20.634798199986108,20.634798199986108,20.634798199986108,20.634798199986108,20.651602300000377,21.633874500053935,21.633874500053935,22.10207939997781,x,1,0.46184700005687773,None,,,,,0003,001,2025-10-02_17h12.30.509,Motor Seq Learning main code,2024.2.4,59.92915174755759,2025-10-02 17h12.44.707764 +0530,
150,v,9,1,2,v,1,0.6346831999253482,None,2,1,9,1,,,,,22.11683750001248,,22.102660999982618,22.11683750001248,23.115911600063555,23.115911600063555,23.115911600063555,23.115911600063555,23.115911600063555,24.115115400054492,24.115115400054492,24.765320700011216,v,1,0.6346831999253482,None,,,,,0003,001,2025-10-02_17h12.30.509,Motor Seq Learning main code,2024.2.4,59.92915174755759,2025-10-02 17h12.44.707764 +0530,
50,c,10,2,2,c,1,0.44700240006204695,None,2,2,10,2,,,,,24.78120049997233,,24.765698899980634,24.78120049997233,25.78045409999322,25.78045409999322,25.78045409999322,25.78045409999322,25.78045409999322,26.779372700024396,26.779372700024396,27.230626499978825,c,1,0.44700240006204695,None,,,,,0003,001,2025-10-02_17h12.30.509,Motor Seq Learning main code,2024.2.4,59.92915174755759,2025-10-02 17h12.44.707764 +0530,
-150,z,11,3,2,z,1,0.3421115999808535,None,2,3,11,3,,,,,27.245596099994145,,27.231154900044203,27.245596099994145,28.244845399982296,28.244845399982296,28.244845399982296,28.244845399982296,28.244845399982296,29.24396530003287,29.24396530003287,29.595331100048497,z,1,0.3421115999808535,None,,,,,0003,001,2025-10-02_17h12.30.509,Motor Seq Learning main code,2024.2.4,59.92915174755759,2025-10-02 17h12.44.707764 +0530,
-50,x,12,0,3,x,1,0.5790597000159323,None,3,0,12,0,,,,,29.610278900014237,,29.595919799990952,29.610278900014237,30.60933660005685,30.60933660005685,30.60933660005685,30.60933660005685,30.60933660005685,31.608553000027314,31.608553000027314,32.19293400004972,x,1,0.5790597000159323,None,,,,,0003,001,2025-10-02_17h12.30.509,Motor Seq Learning main code,2024.2.4,59.92915174755759,2025-10-02 17h12.44.707764 +0530,
150,v,13,1,3,v,1,0.3743505999445915,None,3,1,13,1,,,,,32.20800280000549,,32.19341720000375,32.20800280000549,33.20726289995946,33.20726289995946,33.20726289995946,33.20726289995946,33.20726289995946,34.20628160005435,34.20628160005435,34.59071710007265,v,1,0.3743505999445915,None,,,,,0003,001,2025-10-02_17h12.30.509,Motor Seq Learning main code,2024.2.4,59.92915174755759,2025-10-02 17h12.44.707764 +0530,
50,c,14,2,3,c,1,0.288715900038369,None,3,2,14,2,,,,,34.605856999987736,,34.591213100007735,34.605856999987736,35.60501409997232,35.60501409997232,35.60501409997232,35.60501409997232,35.60501409997232,36.60415759996977,36.60415759996977,36.905261300038546,c,1,0.288715900038369,None,,,,,0003,001,2025-10-02_17h12.30.509,Motor Seq Learning main code,2024.2.4,59.92915174755759,2025-10-02 17h12.44.707764 +0530,
-150,z,15,3,3,z,1,0.36800660006701946,None,3,3,15,3,,,,,36.92070390004665,,36.90564400004223,36.92070390004665,37.91970800003037,37.91970800003037,37.91970800003037,37.91970800003037,37.91970800003037,38.91878860001452,38.91878860001452,39.303581599961035,z,1,0.36800660006701946,None,,,,,0003,001,2025-10-02_17h12.30.509,Motor Seq Learning main code,2024.2.4,59.92915174755759,2025-10-02 17h12.44.707764 +0530,
-50,x,16,0,4,x,1,0.5242614999879152,None,4,0,16,0,,,,,39.31858960003592,,39.304127100040205,39.31858960003592,40.31768590002321,40.31768590002321,40.31768590002321,40.31768590002321,40.31768590002321,41.316705900011584,41.316705900011584,41.85150700004306,x,1,0.5242614999879152,None,,,,,0003,001,2025-10-02_17h12.30.509,Motor Seq Learning main code,2024.2.4,59.92915174755759,2025-10-02 17h12.44.707764 +0530,
150,v,17,1,4,v,1,0.38748730008956045,None,4,1,17,1,,,,,41.86620849999599,,41.85208189999685,41.86620849999599,42.8654265999794,42.8654265999794,42.8654265999794,42.8654265999794,42.8654265999794,43.86448740004562,43.86448740004562,44.26550900004804,v,1,0.38748730008956045,None,,,,,0003,001,2025-10-02_17h12.30.509,Motor Seq Learning main code,2024.2.4,59.92915174755759,2025-10-02 17h12.44.707764 +0530,
50,c,18,2,4,c,1,0.48216689995024353,None,4,2,18,2,,,,,44.28062590002082,,44.26613790006377,44.28062590002082,45.28002710000146,45.28002710000146,45.28002710000146,45.28002710000146,45.28002710000146,46.27901070006192,46.27901070006192,46.76385460002348,c,1,0.48216689995024353,None,,,,,0003,001,2025-10-02_17h12.30.509,Motor Seq Learning main code,2024.2.4,59.92915174755759,2025-10-02 17h12.44.707764 +0530,
-150,z,19,3,4,z,1,0.3819167000474408,None,4,3,19,3,,,,,46.77871910005342,,46.76435069995932,46.77871910005342,47.77756039996166,47.77756039996166,47.77756039996166,47.77756039996166,47.79417999996804,48.777004300034605,48.777004300034605,49.16197340004146,z,1,0.3819167000474408,None,,,,,0003,001,2025-10-02_17h12.30.509,Motor Seq Learning main code,2024.2.4,59.92915174755759,2025-10-02 17h12.44.707764 +0530,
-50,x,20,0,5,x,1,0.6256033000536263,None,5,0,20,0,,,,,49.1767225000076,,49.16259640001226,49.1767225000076,50.175853900029324,50.175853900029324,50.175853900029324,50.175853900029324,50.192449099966325,51.17480500007514,51.17480500007514,51.80976770003326,x,1,0.6256033000536263,None,,,,,0003,001,2025-10-02_17h12.30.509,Motor Seq Learning main code,2024.2.4,59.92915174755759,2025-10-02 17h12.44.707764 +0530,
150,v,21,1,5,v,1,0.32785490003880113,None,5,1,21,1,,,,,51.82436840003356,,51.81052190007176,51.82436840003356,52.823343400028534,52.823343400028534,52.823343400028534,52.823343400028534,52.84022080001887,53.82254980003927,53.82254980003927,54.1574976000702,v,1,0.32785490003880113,None,,,,,0003,001,2025-10-02_17h12.30.509,Motor Seq Learning main code,2024.2.4,59.92915174755759,2025-10-02 17h12.44.707764 +0530,
50,c,22,2,5,c,1,0.33912450005300343,None,5,2,22,2,,,,,54.172310600057244,,54.158132900018245,54.172310600057244,55.17128310003318,55.17128310003318,55.17128310003318,55.17128310003318,55.18786890001502,56.170496799983084,56.170496799983084,56.522335699992254,c,1,0.33912450005300343,None,,,,,0003,001,2025-10-02_17h12.30.509,Motor Seq Learning main code,2024.2.4,59.92915174755759,2025-10-02 17h12.44.707764 +0530,
-150,z,23,3,5,z,1,0.37824909994378686,None,5,3,23,3,,,,,56.53686059999745,,56.52291559998412,56.53686059999745,57.53587200003676,57.53587200003676,57.53587200003676,57.53587200003676,57.552483699982986,58.53511070006061,58.53511070006061,58.920670600025915,z,1,0.37824909994378686,None,,,,,0003,001,2025-10-02_17h12.30.509,Motor Seq Learning main code,2024.2.4,59.92915174755759,2025-10-02 17h12.44.707764 +0530,
-50,x,24,0,6,x,1,0.5049964999780059,None,6,0,24,0,,,,,58.93478030001279,,58.92139779997524,58.93478030001279,59.93387329997495,59.93387329997495,59.93387329997495,59.93387329997495,59.93387329997495,60.933035199996084,60.933035199996084,61.45046810002532,x,1,0.5049964999780059,None,,,,,0003,001,2025-10-02_17h12.30.509,Motor Seq Learning main code,2024.2.4,59.92915174755759,2025-10-02 17h12.44.707764 +0530,
150,v,25,1,6,v,1,0.34839109994936734,None,6,1,25,1,,,,,61.4658739999868,,61.4509437000379,61.4658739999868,62.46491400001105,62.46491400001105,62.46491400001105,62.46491400001105,62.46491400001105,63.46403949998785,63.46403949998785,63.81531640002504,v,1,0.34839109994936734,None,,,,,0003,001,2025-10-02_17h12.30.509,Motor Seq Learning main code,2024.2.4,59.92915174755759,2025-10-02 17h12.44.707764 +0530,
50,c,26,2,6,c,1,0.33533939998596907,None,6,2,26,2,,,,,63.830542400013655,,63.81574970006477,63.830542400013655,64.82967800006736,64.82967800006736,64.82967800006736,64.82967800006736,64.82967800006736,65.82879780000076,65.82879780000076,66.18063009995967,c,1,0.33533939998596907,None,,,,,0003,001,2025-10-02_17h12.30.509,Motor Seq Learning main code,2024.2.4,59.92915174755759,2025-10-02 17h12.44.707764 +0530,
-150,z,27,3,6,z,1,0.5416499000275508,None,6,3,27,3,,,,,66.19504430005327,,66.18135670002084,66.19504430005327,67.19420729996637,67.19420729996637,67.19420729996637,67.19420729996637,67.19420729996637,68.19335710001178,68.19335710001178,68.74421130004339,z,1,0.5416499000275508,None,,,,,0003,001,2025-10-02_17h12.30.509,Motor Seq Learning main code,2024.2.4,59.92915174755759,2025-10-02 17h12.44.707764 +0530,
-50,x,28,0,7,x,1,0.33222699991893023,None,7,0,28,0,,,,,68.75942410004791,,68.7445758000249,68.75942410004791,69.75858440005686,69.75858440005686,69.75858440005686,69.75858440005686,69.75858440005686,70.75764610001352,70.75764610001352,71.09205860004295,x,1,0.33222699991893023,None,,,,,0003,001,2025-10-02_17h12.30.509,Motor Seq Learning main code,2024.2.4,59.92915174755759,2025-10-02 17h12.44.707764 +0530,
150,v,29,1,7,v,1,0.3302839999087155,None,7,1,29,1,,,,,71.10728080000263,,71.09248880005907,71.10728080000263,72.1067399000749,72.1067399000749,72.1067399000749,72.1067399000749,72.1067399000749,73.10567720001563,73.10567720001563,73.44166919996496,v,1,0.3302839999087155,None,,,,,0003,001,2025-10-02_17h12.30.509,Motor Seq Learning main code,2024.2.4,59.92915174755759,2025-10-02 17h12.44.707764 +0530,
50,c,30,2,7,c,1,0.3311360999941826,None,7,2,30,2,,,,,73.45532459998503,,73.44220849999692,73.45532459998503,74.45442229998298,74.45442229998298,74.45442229998298,74.45442229998298,74.45442229998298,75.45369830005802,75.45369830005802,75.78821350005455,c,1,0.3311360999941826,None,,,,,0003,001,2025-10-02_17h12.30.509,Motor Seq Learning main code,2024.2.4,59.92915174755759,2025-10-02 17h12.44.707764 +0530,
-150,z,31,3,7,z,1,0.5892243999987841,None,7,3,31,3,,,,,75.80316650005989,,75.78870749997441,75.80316650005989,76.80242239998188,76.80242239998188,76.80242239998188,76.80242239998188,76.80242239998188,77.80148100003134,77.80148100003134,78.4025241000345,z,1,0.5892243999987841,None,,,,,0003,001,2025-10-02_17h12.30.509,Motor Seq Learning main code,2024.2.4,59.92915174755759,2025-10-02 17h12.44.707764 +0530,
-50,x,32,0,8,x,1,0.4120512999361381,None,8,0,32,0,,,,,78.4176759000402,,78.40302590001374,78.4176759000402,79.41679320007097,79.41679320007097,79.41679320007097,79.41679320007097,79.41679320007097,80.41587550006807,80.41587550006807,80.83398910006508,x,1,0.4120512999361381,None,,,,,0003,001,2025-10-02_17h12.30.509,Motor Seq Learning main code,2024.2.4,59.92915174755759,2025-10-02 17h12.44.707764 +0530,
150,v,33,1,8,v,1,0.42934249993413687,None,8,1,33,1,,,,,80.84888239996508,,80.8344871000154,80.84888239996508,81.84820370003581,81.84820370003581,81.84820370003581,81.84820370003581,81.84820370003581,82.84724010003265,82.84724010003265,83.28128690004814,v,1,0.42934249993413687,None,,,,,0003,001,2025-10-02_17h12.30.509,Motor Seq Learning main code,2024.2.4,59.92915174755759,2025-10-02 17h12.44.707764 +0530,
50,c,34,2,8,c,1,0.3121608999790624,None,8,2,34,2,,,,,83.29666670004372,,83.28167230007239,83.29666670004372,84.29585400002543,84.29585400002543,84.29585400002543,84.29585400002543,84.29585400002543,85.29501940007322,85.29501940007322,85.61289500002749,c,1,0.3121608999790624,None,,,,,0003,001,2025-10-02_17h12.30.509,Motor Seq Learning main code,2024.2.4,59.92915174755759,2025-10-02 17h12.44.707764 +0530,
-150,z,35,3,8,z,1,0.33937250007875264,None,8,3,35,3,,,,,85.62809420004487,,85.61338019999675,85.62809420004487,86.62731440004427,86.62731440004427,86.62731440004427,86.62731440004427,86.62731440004427,87.62641949998215,87.62641949998215,87.97750400006771,z,1,0.33937250007875264,None,,,,,0003,001,2025-10-02_17h12.30.509,Motor Seq Learning main code,2024.2.4,59.92915174755759,2025-10-02 17h12.44.707764 +0530,
-50,x,36,0,9,x,1,0.31823630002327263,None,9,0,36,0,,,,,87.99272940005176,,87.97801409999374,87.99272940005176,88.99175599997398,88.99175599997398,88.99175599997398,88.99175599997398,89.00856310001109,89.99109839997254,89.99109839997254,90.32569750002585,x,1,0.31823630002327263,None,,,,,0003,001,2025-10-02_17h12.30.509,Motor Seq Learning main code,2024.2.4,59.92915174755759,2025-10-02 17h12.44.707764 +0530,
150,v,37,1,9,v,1,0.3128449999494478,None,9,1,37,1,,,,,90.34078570001293,,90.32628040004056,90.34078570001293,91.33988400001545,91.33988400001545,91.33988400001545,91.33988400001545,91.33988400001545,92.33885559998453,92.33885559998453,92.6573240000289,v,1,0.3128449999494478,None,,,,,0003,001,2025-10-02_17h12.30.509,Motor Seq Learning main code,2024.2.4,59.92915174755759,2025-10-02 17h12.44.707764 +0530,
50,c,38,2,9,c,1,0.2731326000066474,None,9,2,38,2,,,,,92.6718978000572,,92.65790390002076,92.6718978000572,93.67112970002927,93.67112970002927,93.67112970002927,93.67112970002927,93.67112970002927,94.67032510007266,94.67032510007266,94.95491229998879,c,1,0.2731326000066474,None,,,,,0003,001,2025-10-02_17h12.30.509,Motor Seq Learning main code,2024.2.4,59.92915174755759,2025-10-02 17h12.44.707764 +0530,
-150,z,39,3,9,z,1,0.2878084999974817,None,9,3,39,3,,,,,94.96984739997424,,94.9554670000216,94.96984739997424,95.96909200004302,95.96909200004302,95.96909200004302,95.96909200004302,95.96909200004302,96.96814160002396,96.96814160002396,97.26976160006598,z,1,0.2878084999974817,None,,,,,0003,001,2025-10-02_17h12.30.509,Motor Seq Learning main code,2024.2.4,59.92915174755759,2025-10-02 17h12.44.707764 +0530,
-50,x,40,0,10,x,1,0.2567532000830397,None,10,0,40,0,,,,,97.2846039000433,,97.27052160003223,97.2846039000433,98.28377420001198,98.28377420001198,98.28377420001198,98.28377420001198,98.28377420001198,99.28290990006644,99.28290990006644,99.55128390004393,x,1,0.2567532000830397,None,,,,,0003,001,2025-10-02_17h12.30.509,Motor Seq Learning main code,2024.2.4,59.92915174755759,2025-10-02 17h12.44.707764 +0530,
150,v,41,1,10,v,1,0.4043595000403002,None,10,1,41,1,,,,,99.56590340007097,,99.55184620001819,99.56590340007097,100.5649441999849,100.5649441999849,100.5649441999849,100.5649441999849,100.5649441999849,101.56419549998827,101.56419549998827,101.98217440000735,v,1,0.4043595000403002,None,,,,,0003,001,2025-10-02_17h12.30.509,Motor Seq Learning main code,2024.2.4,59.92915174755759,2025-10-02 17h12.44.707764 +0530,
50,c,42,2,10,c,1,0.31757349998224527,None,10,2,42,2,,,,,101.99720019998495,,101.98271610005759,101.99720019998495,102.99634910002351,102.99634910002351,102.99634910002351,102.99634910002351,102.99634910002351,103.99539260007441,103.99539260007441,104.33023550000507,c,1,0.31757349998224527,None,,,,,0003,001,2025-10-02_17h12.30.509,Motor Seq Learning main code,2024.2.4,59.92915174755759,2025-10-02 17h12.44.707764 +0530,
-150,z,43,3,10,z,1,0.3586115000071004,None,10,3,43,3,,,,,104.34516440005973,,104.33083510003053,104.34516440005973,105.34435779997148,105.34435779997148,105.34435779997148,105.34435779997148,105.34435779997148,106.34329340001568,106.34329340001568,106.71164049999788,z,1,0.3586115000071004,None,,,,,0003,001,2025-10-02_17h12.30.509,Motor Seq Learning main code,2024.2.4,59.92915174755759,2025-10-02 17h12.44.707764 +0530,
-50,x,44,0,11,x,1,0.3484381000744179,None,11,0,44,0,,,,,106.72636079997756,,106.71224170003552,106.72636079997756,107.72541069996078,107.72541069996078,107.72541069996078,107.72541069996078,107.72541069996078,108.72449010005221,108.72449010005221,109.07562979997601,x,1,0.3484381000744179,None,,,,,0003,001,2025-10-02_17h12.30.509,Motor Seq Learning main code,2024.2.4,59.92915174755759,2025-10-02 17h12.44.707764 +0530,
150,v,45,1,11,v,1,0.278112499974668,None,11,1,45,1,,,,,109.09095189999789,,109.07605310005601,109.09095189999789,110.0902070000302,110.0902070000302,110.0902070000302,110.0902070000302,110.0902070000302,111.08927060000133,111.08927060000133,111.37398599996231,v,1,0.278112499974668,None,,,,,0003,001,2025-10-02_17h12.30.509,Motor Seq Learning main code,2024.2.4,59.92915174755759,2025-10-02 17h12.44.707764 +0530,
50,c,46,2,11,c,1,0.2768956000218168,None,11,2,46,2,,,,,111.38888099999167,,111.37446930003352,111.38888099999167,112.388069299981,112.388069299981,112.388069299981,112.388069299981,112.388069299981,113.38723300001584,113.38723300001584,113.67215009999927,c,1,0.2768956000218168,None,,,,,0003,001,2025-10-02_17h12.30.509,Motor Seq Learning main code,2024.2.4,59.92915174755759,2025-10-02 17h12.44.707764 +0530,
-150,z,47,3,11,z,1,0.2622640000190586,None,11,3,47,3,,,,,113.68703969998751,,113.67273740004748,113.68703969998751,114.68622779997531,114.68622779997531,114.68622779997531,114.68622779997531,114.68622779997531,115.68496620003134,115.68496620003134,115.95275980001315,z,1,0.2622640000190586,None,,,,,0003,001,2025-10-02_17h12.30.509,Motor Seq Learning main code,2024.2.4,59.92915174755759,2025-10-02 17h12.44.707764 +0530,
-50,x,48,0,12,x,1,0.40802580001764,None,12,0,48,0,,,,,115.96837620006409,,115.9531399999978,115.96837620006409,116.96715310006402,116.96715310006402,116.96715310006402,116.96715310006402,116.98381440003868,117.96660709998105,117.96660709998105,118.38462400005665,x,1,0.40802580001764,None,,,,,0003,001,2025-10-02_17h12.30.509,Motor Seq Learning main code,2024.2.4,59.92915174755759,2025-10-02 17h12.44.707764 +0530,
150,v,49,1,12,v,1,0.28732480003964156,None,12,1,49,1,,,,,118.39968619996216,,118.38532620004844,118.39968619996216,119.39871450001374,119.39871450001374,119.39871450001374,119.39871450001374,119.4153339000186,120.39785010006744,120.39785010006744,120.6994252000004,v,1,0.28732480003964156,None,,,,,0003,001,2025-10-02_17h12.30.509,Motor Seq Learning main code,2024.2.4,59.92915174755759,2025-10-02 17h12.44.707764 +0530,
50,c,50,2,12,c,1,0.27901649998966604,None,12,2,50,2,,,,,120.71418440004345,,120.70006429997738,120.71418440004345,121.71328809997067,121.71328809997067,121.71328809997067,121.71328809997067,121.71328809997067,122.7123610000126,122.7123610000126,122.99732640001457,c,1,0.27901649998966604,None,,,,,0003,001,2025-10-02_17h12.30.509,Motor Seq Learning main code,2024.2.4,59.92915174755759,2025-10-02 17h12.44.707764 +0530,
-150,z,51,3,12,z,1,0.3699266000185162,None,12,3,51,3,,,,,123.01207419997081,,122.99789070000406,123.01207419997081,124.01138819998596,124.01138819998596,124.01138819998596,124.01138819998596,124.01138819998596,125.0103576000547,125.0103576000547,125.39509969996288,z,1,0.3699266000185162,None,,,,,0003,001,2025-10-02_17h12.30.509,Motor Seq Learning main code,2024.2.4,59.92915174755759,2025-10-02 17h12.44.707764 +0530,
-50,x,52,0,13,x,1,0.42390990001149476,None,13,0,52,0,,,,,125.41013079998083,,125.39568960003089,125.41013079998083,126.40926990006119,126.40926990006119,126.40926990006119,126.40926990006119,126.40926990006119,127.40819990006275,127.40819990006275,127.84264300006907,x,1,0.42390990001149476,None,,,,,0003,001,2025-10-02_17h12.30.509,Motor Seq Learning main code,2024.2.4,59.92915174755759,2025-10-02 17h12.44.707764 +0530,
150,v,53,1,13,v,1,0.27079480001702905,None,13,1,53,1,,,,,127.85782609996386,,127.84306450001895,127.85782609996386,128.8572329999879,128.8572329999879,128.8572329999879,128.8572329999879,128.8572329999879,129.8562404999975,129.8562404999975,130.14111079997383,v,1,0.27079480001702905,None,,,,,0003,001,2025-10-02_17h12.30.509,Motor Seq Learning main code,2024.2.4,59.92915174755759,2025-10-02 17h12.44.707764 +0530,
50,c,54,2,13,c,1,0.48513599997386336,None,13,2,54,2,,,,,130.15599760005716,,130.14175030007027,130.15599760005716,131.15499680000357,131.15499680000357,131.15499680000357,131.15499680000357,131.15499680000357,132.1541132000275,132.1541132000275,132.6562257000478,c,1,0.48513599997386336,None,,,,,0003,001,2025-10-02_17h12.30.509,Motor Seq Learning main code,2024.2.4,59.92915174755759,2025-10-02 17h12.44.707764 +0530,
-150,z,55,3,13,z,1,0.32338309998158365,None,13,3,55,3,,,,,132.67017579998355,,132.65726750006434,132.67017579998355,133.66965419996995,133.66965419996995,133.66965419996995,133.66965419996995,133.66965419996995,134.66867210005876,134.66867210005876,135.00347280001733,z,1,0.32338309998158365,None,,,,,0003,001,2025-10-02_17h12.30.509,Motor Seq Learning main code,2024.2.4,59.92915174755759,2025-10-02 17h12.44.707764 +0530,
-50,x,56,0,14,x,1,0.32856639998499304,None,14,0,56,0,,,,,135.0183199000312,,135.00403800001368,135.0183199000312,136.0174340000376,136.0174340000376,136.0174340000376,136.0174340000376,136.0174340000376,137.0165263999952,137.0165263999952,137.35142710001674,x,1,0.32856639998499304,None,,,,,0003,001,2025-10-02_17h12.30.509,Motor Seq Learning main code,2024.2.4,59.92915174755759,2025-10-02 17h12.44.707764 +0530,
150,v,57,1,14,v,1,0.4508763999911025,None,14,1,57,1,,,,,137.3662644000724,,137.35201280005276,137.3662644000724,138.36560889997054,138.36560889997054,138.36560889997054,138.36560889997054,138.36560889997054,139.3646291999612,139.3646291999612,139.83198660006747,v,1,0.4508763999911025,None,,,,,0003,001,2025-10-02_17h12.30.509,Motor Seq Learning main code,2024.2.4,59.92915174755759,2025-10-02 17h12.44.707764 +0530,
50,c,58,2,14,c,1,0.2971300999633968,None,14,2,58,2,,,,,139.84744270006195,,139.83235599996988,139.84744270006195,140.8465551000554,140.8465551000554,140.8465551000554,140.8465551000554,140.8465551000554,141.84555580001324,141.84555580001324,142.1469571000198,c,1,0.2971300999633968,None,,,,,0003,001,2025-10-02_17h12.30.509,Motor Seq Learning main code,2024.2.4,59.92915174755759,2025-10-02 17h12.44.707764 +0530,
-150,z,59,3,14,z,1,0.37858320004306734,None,14,3,59,3,,,,,142.16200050001498,,142.14745479996782,142.16200050001498,143.1612912999699,143.1612912999699,143.1612912999699,143.1612912999699,143.1612912999699,144.16033930005506,144.16033930005506,144.545075800037,z,1,0.37858320004306734,None,,,,,0003,001,2025-10-02_17h12.30.509,Motor Seq Learning main code,2024.2.4,59.92915174755759,2025-10-02 17h12.44.707764 +0530,
-50,x,60,0,15,x,1,0.3570704000303522,None,15,0,60,0,,,,,144.55999149999116,,144.54566399997566,144.55999149999116,145.55925160006154,145.55925160006154,145.55925160006154,145.55925160006154,145.55925160006154,146.55835000006482,146.55835000006482,146.92580810002983,x,1,0.3570704000303522,None,,,,,0003,001,2025-10-02_17h12.30.509,Motor Seq Learning main code,2024.2.4,59.92915174755759,2025-10-02 17h12.44.707764 +0530,
150,v,61,1,15,v,1,0.2321278000017628,None,15,1,61,1,,,,,146.94128450006247,,146.9262180000078,146.94128450006247,147.9403685000725,147.9403685000725,147.9403685000725,147.9403685000725,147.9403685000725,148.93956920003984,148.93956920003984,149.17450179997832,v,1,0.2321278000017628,None,,,,,0003,001,2025-10-02_17h12.30.509,Motor Seq Learning main code,2024.2.4,59.92915174755759,2025-10-02 17h12.44.707764 +0530,
50,c,62,2,15,c,1,0.2613149000098929,None,15,2,62,2,,,,,149.18933379999362,,149.1750981999794,149.18933379999362,150.18857510003727,150.18857510003727,150.18857510003727,150.18857510003727,150.18857510003727,151.18751309998333,151.18751309998333,151.4552383000264,c,1,0.2613149000098929,None,,,,,0003,001,2025-10-02_17h12.30.509,Motor Seq Learning main code,2024.2.4,59.92915174755759,2025-10-02 17h12.44.707764 +0530,
-150,z,63,3,15,z,1,0.31799789995420724,None,15,3,63,3,,,,,151.47067289997358,,151.45566119998693,151.47067289997358,152.46958410006482,152.46958410006482,152.46958410006482,152.46958410006482,152.4862192000728,153.468931099982,153.468931099982,153.80326620000415,z,1,0.31799789995420724,None,,,,,0003,001,2025-10-02_17h12.30.509,Motor Seq Learning main code,2024.2.4,59.92915174755759,2025-10-02 17h12.44.707764 +0530,
-50,x,64,0,16,x,1,0.2846293000038713,None,16,0,64,0,,,,,153.81850110006053,,153.80372730002273,153.81850110006053,154.81767670006957,154.81767670006957,154.81767670006957,154.81767670006957,154.81767670006957,155.81676700001117,155.81676700001117,156.118120500003,x,1,0.2846293000038713,None,,,,,0003,001,2025-10-02_17h12.30.509,Motor Seq Learning main code,2024.2.4,59.92915174755759,2025-10-02 17h12.44.707764 +0530,
150,v,65,1,16,v,1,0.25162549992091954,None,16,1,65,1,,,,,156.1331793999998,,156.11861190001946,156.1331793999998,157.13248330005445,157.13248330005445,157.13248330005445,157.13248330005445,157.13248330005445,158.13170290004928,158.13170290004928,158.3997446000576,v,1,0.25162549992091954,None,,,,,0003,001,2025-10-02_17h12.30.509,Motor Seq Learning main code,2024.2.4,59.92915174755759,2025-10-02 17h12.44.707764 +0530,
50,c,66,2,16,c,1,0.2409113000612706,None,16,2,66,2,,,,,158.4146219000686,,158.4003265000647,158.4146219000686,159.4137095999904,159.4137095999904,159.4137095999904,159.4137095999904,159.43031970004085,160.41280960000586,160.41280960000586,160.66388570005074,c,1,0.2409113000612706,None,,,,,0003,001,2025-10-02_17h12.30.509,Motor Seq Learning main code,2024.2.4,59.92915174755759,2025-10-02 17h12.44.707764 +0530,
-150,z,67,3,16,z,1,0.4178281999193132,None,16,3,67,3,,,,,160.6794377999613,,160.66439310007263,160.6794377999613,161.67849700001534,161.67849700001534,161.67849700001534,161.67849700001534,161.695006199996,162.67762480000965,162.67762480000965,163.1120052000042,z,1,0.4178281999193132,None,,,,,0003,001,2025-10-02_17h12.30.509,Motor Seq Learning main code,2024.2.4,59.92915174755759,2025-10-02 17h12.44.707764 +0530,
-50,x,68,0,17,x,1,0.2502606000052765,None,17,0,68,0,,,,,163.12698890001047,,163.11246360000223,163.12698890001047,164.1262185999658,164.1262185999658,164.1262185999658,164.1262185999658,164.1262185999658,165.1254087999696,165.1254087999696,165.37712720001582,x,1,0.2502606000052765,None,,,,,0003,001,2025-10-02_17h12.30.509,Motor Seq Learning main code,2024.2.4,59.92915174755759,2025-10-02 17h12.44.707764 +0530,
150,v,69,1,17,v,1,0.33286509988829494,None,17,1,69,1,,,,,165.3918290999718,,165.3775146000553,165.3918290999718,166.39085620001424,166.39085620001424,166.39085620001424,166.39085620001424,166.39085620001424,167.39011400006711,167.39011400006711,167.72434309998062,v,1,0.33286509988829494,None,,,,,0003,001,2025-10-02_17h12.30.509,Motor Seq Learning main code,2024.2.4,59.92915174755759,2025-10-02 17h12.44.707764 +0530,
50,c,70,2,17,c,1,0.31793229992035776,None,17,2,70,2,,,,,167.73968530003913,,167.72471890004817,167.73968530003913,168.73883709998336,168.73883709998336,168.73883709998336,168.73883709998336,168.73883709998336,169.73804570001084,169.73804570001084,170.07302929996513,c,1,0.31793229992035776,None,,,,,0003,001,2025-10-02_17h12.30.509,Motor Seq Learning main code,2024.2.4,59.92915174755759,2025-10-02 17h12.44.707764 +0530,
-150,z,71,3,17,z,1,0.38099530001636595,None,17,3,71,3,,,,,170.08778439997695,,170.0736603999976,170.08778439997695,171.08693900005892,171.08693900005892,171.08693900005892,171.08693900005892,171.1034437000053,172.08601600001566,172.08601600001566,172.4705672999844,z,1,0.38099530001636595,None,,,,,0003,001,2025-10-02_17h12.30.509,Motor Seq Learning main code,2024.2.4,59.92915174755759,2025-10-02 17h12.44.707764 +0530,
-50,x,72,0,18,x,1,0.43986070004757494,None,18,0,72,0,,,,,172.485551699996,,172.4710467000259,172.485551699996,173.4848340000026,173.4848340000026,173.4848340000026,173.4848340000026,173.4848340000026,174.48388740001246,174.48388740001246,174.9348191000754,x,1,0.43986070004757494,None,,,,,0003,001,2025-10-02_17h12.30.509,Motor Seq Learning main code,2024.2.4,59.92915174755759,2025-10-02 17h12.44.707764 +0530,
150,v,73,1,18,v,1,0.2808595000533387,None,18,1,73,1,,,,,174.9500960999867,,174.93523649999406,174.9500960999867,175.94923590007238,175.94923590007238,175.94923590007238,175.94923590007238,175.94923590007238,176.94847870001104,176.94847870001104,177.23392620007508,v,1,0.2808595000533387,None,,,,,0003,001,2025-10-02_17h12.30.509,Motor Seq Learning main code,2024.2.4,59.92915174755759,2025-10-02 17h12.44.707764 +0530,
50,c,74,2,18,c,1,0.5240759999724105,None,18,2,74,2,,,,,177.2481985000195,,177.2346511000069,177.2481985000195,178.2474305999931,178.2474305999931,178.2474305999931,178.2474305999931,178.2474305999931,179.2464736000402,179.2464736000402,179.78143900004216,c,1,0.5240759999724105,None,,,,,0003,001,2025-10-02_17h12.30.509,Motor Seq Learning main code,2024.2.4,59.92915174755759,2025-10-02 17h12.44.707764 +0530,
-150,z,75,3,18,z,1,0.380122400005348,None,18,3,75,3,,,,,179.79590290004853,,179.78214949998073,179.79590290004853,180.79488599998876,180.79488599998876,180.79488599998876,180.79488599998876,180.79488599998876,181.79428120004013,181.79428120004013,182.1787452000426,z,1,0.380122400005348,None,,,,,0003,001,2025-10-02_17h12.30.509,Motor Seq Learning main code,2024.2.4,59.92915174755759,2025-10-02 17h12.44.707764 +0530,
-50,x,76,0,19,x,1,0.48154960002284497,None,19,0,76,0,,,,,182.19373509997968,,182.17922320007347,182.19373509997968,183.19293580006342,183.19293580006342,183.19293580006342,183.19293580006342,183.19293580006342,184.19211299996823,184.19211299996823,184.67689050000627,x,1,0.48154960002284497,None,,,,,0003,001,2025-10-02_17h12.30.509,Motor Seq Learning main code,2024.2.4,59.92915174755759,2025-10-02 17h12.44.707764 +0530,
150,v,77,1,19,v,1,0.2976728000212461,None,19,1,77,1,,,,,184.69161750003695,,184.67748329997994,184.69161750003695,185.6909874000121,185.6909874000121,185.6909874000121,185.6909874000121,185.6909874000121,186.6900833999971,186.6900833999971,186.99188930005766,v,1,0.2976728000212461,None,,,,,0003,001,2025-10-02_17h12.30.509,Motor Seq Learning main code,2024.2.4,59.92915174755759,2025-10-02 17h12.44.707764 +0530,
50,c,78,2,19,c,1,0.3169003000948578,None,19,2,78,2,,,,,187.00633510004263,,186.99260730005335,187.00633510004263,188.00558320002165,188.00558320002165,188.00558320002165,188.00558320002165,188.00558320002165,189.0045259000035,189.0045259000035,189.3234496000223,c,1,0.3169003000948578,None,,,,,0003,001,2025-10-02_17h12.30.509,Motor Seq Learning main code,2024.2.4,59.92915174755759,2025-10-02 17h12.44.707764 +0530,
-150,z,79,3,19,z,1,0.3095082000363618,None,19,3,79,3,,,,,189.33758519997355,,189.3240409999853,189.33758519997355,190.33680639998056,190.33680639998056,190.33680639998056,190.33680639998056,190.33680639998056,191.33594670007005,191.33594670007005,191.65342250000685,z,1,0.3095082000363618,None,,,,,0003,001,2025-10-02_17h12.30.509,Motor Seq Learning main code,2024.2.4,59.92915174755759,2025-10-02 17h12.44.707764 +0530,
-50,x,0,0,0,x,1,0.29101709998212755,None,,,,,0,0,0,0,191.66920670005493,,191.66480620007496,191.66920670005493,192.66782790003344,192.66782790003344,192.66782790003344,192.66782790003344,192.6849182000151,193.6673538000323,193.6673538000323,193.96808290004265,,,,,x,1,0.29101709998212755,None,0003,001,2025-10-02_17h12.30.509,Motor Seq Learning main code,2024.2.4,59.92915174755759,2025-10-02 17h12.44.707764 +0530,
50,c,1,1,0,c,1,0.4476898000575602,None,,,,,0,1,1,2,193.98339479998685,,193.9684944000328,193.98339479998685,194.9826868000673,194.9826868000673,194.9826868000673,194.9826868000673,194.9826868000673,195.98179590003565,195.98179590003565,196.4330164999701,,,,,c,1,0.4476898000575602,None,0003,001,2025-10-02_17h12.30.509,Motor Seq Learning main code,2024.2.4,59.92915174755759,2025-10-02 17h12.44.707764 +0530,
-50,x,2,2,1,x,1,0.39131079998333007,None,,,,,1,2,2,0,196.4480281000724,,196.43350919999648,196.4480281000724,197.44726250006352,197.44726250006352,197.44726250006352,197.44726250006352,197.44726250006352,198.44642110005952,198.44642110005952,198.84796739998274,,,,,x,1,0.39131079998333007,None,0003,001,2025-10-02_17h12.30.509,Motor Seq Learning main code,2024.2.4,59.92915174755759,2025-10-02 17h12.44.707764 +0530,
150,v,3,3,0,v,1,0.33952829998452216,None,,,,,0,3,3,1,198.8628352000378,,198.8485432000598,198.8628352000378,199.86171119997744,199.86171119997744,199.86171119997744,199.86171119997744,199.87846969999373,200.8609940999886,200.8609940999886,201.21248330001254,,,,,v,1,0.33952829998452216,None,0003,001,2025-10-02_17h12.30.509,Motor Seq Learning main code,2024.2.4,59.92915174755759,2025-10-02 17h12.44.707764 +0530,
50,c,4,4,1,c,1,0.34622319997288287,None,,,,,1,4,4,2,201.22729529999197,,201.21314270002767,201.22729529999197,202.22639229998458,202.22639229998458,202.22639229998458,202.22639229998458,202.22639229998458,203.22547569999006,203.22547569999006,203.5769919999875,,,,,c,1,0.34622319997288287,None,0003,001,2025-10-02_17h12.30.509,Motor Seq Learning main code,2024.2.4,59.92915174755759,2025-10-02 17h12.44.707764 +0530,
150,v,5,5,1,v,1,0.3637972000287846,None,,,,,1,5,5,1,203.59189140005037,,203.57755589997396,203.59189140005037,204.5909545000177,204.5909545000177,204.5909545000177,204.5909545000177,204.5909545000177,205.59008130000439,205.59008130000439,205.95814370003063,,,,,v,1,0.3637972000287846,None,0003,001,2025-10-02_17h12.30.509,Motor Seq Learning main code,2024.2.4,59.92915174755759,2025-10-02 17h12.44.707764 +0530,
-50,x,6,6,2,x,1,0.5568924999097362,None,,,,,2,6,6,0,205.97302200004924,,205.95868959999643,205.97302200004924,206.97212310007308,206.97212310007308,206.97212310007308,206.97212310007308,206.97212310007308,207.97138350002933,207.97138350002933,208.53856799995992,,,,,x,1,0.5568924999097362,None,0003,001,2025-10-02_17h12.30.509,Motor Seq Learning main code,2024.2.4,59.92915174755759,2025-10-02 17h12.44.707764 +0530,
150,v,7,7,2,v,1,0.7036194000393152,None,,,,,2,7,7,1,208.5541139000561,,208.5389598000329,208.5541139000561,209.55346359999385,209.55346359999385,209.55346359999385,209.55346359999385,209.55346359999385,210.55240919999778,210.55240919999778,211.2698851999594,,,,,v,1,0.7036194000393152,None,0003,001,2025-10-02_17h12.30.509,Motor Seq Learning main code,2024.2.4,59.92915174755759,2025-10-02 17h12.44.707764 +0530,
-150,z,8,8,0,z,1,0.35689860000275075,None,,,,,0,8,8,3,211.28503300005104,,211.27026819996536,211.28503300005104,212.28420740005095,212.28420740005095,212.28420740005095,212.28420740005095,212.28420740005095,213.2834575000452,213.2834575000452,213.651109599974,,,,,z,1,0.35689860000275075,None,0003,001,2025-10-02_17h12.30.509,Motor Seq Learning main code,2024.2.4,59.92915174755759,2025-10-02 17h12.44.707764 +0530,
50,c,9,9,2,c,1,0.43490689992904663,None,,,,,2,9,9,2,213.66645560006145,,213.65153460006695,213.66645560006145,214.66540649998933,214.66540649998933,214.66540649998933,214.66540649998933,214.66540649998933,215.66464660002384,215.66464660002384,216.11610720003955,,,,,c,1,0.43490689992904663,None,0003,001,2025-10-02_17h12.30.509,Motor Seq Learning main code,2024.2.4,59.92915174755759,2025-10-02 17h12.44.707764 +0530,
150,v,10,10,3,v,1,0.3188322000205517,None,,,,,3,10,10,1,216.13093220000155,,216.11673979996704,216.13093220000155,217.13005819998216,217.13005819998216,217.13005819998216,217.13005819998216,217.13005819998216,218.12924400006887,218.12924400006887,218.4640390999848,,,,,v,1,0.3188322000205517,None,0003,001,2025-10-02_17h12.30.509,Motor Seq Learning main code,2024.2.4,59.92915174755759,2025-10-02 17h12.44.707764 +0530,
50,c,11,11,3,c,1,0.406355099985376,None,,,,,3,11,11,2,218.4788763000397,,218.46463940001559,218.4788763000397,219.47791889996734,219.47791889996734,219.47791889996734,219.47791889996734,219.47791889996734,220.47728440002538,220.47728440002538,220.89523230004124,,,,,c,1,0.406355099985376,None,0003,001,2025-10-02_17h12.30.509,Motor Seq Learning main code,2024.2.4,59.92915174755759,2025-10-02 17h12.44.707764 +0530,
50,c,12,12,4,c,1,0.32997730001807213,None,,,,,4,12,12,2,220.91017729998566,,220.89580709999427,220.91017729998566,221.90912750002462,221.90912750002462,221.90912750002462,221.90912750002462,221.92600029997993,222.90832559997216,222.90832559997216,223.2433783999877,,,,,c,1,0.32997730001807213,None,0003,001,2025-10-02_17h12.30.509,Motor Seq Learning main code,2024.2.4,59.92915174755759,2025-10-02 17h12.44.707764 +0530,
-150,z,13,13,1,z,1,0.35730610007885844,None,,,,,1,13,13,3,223.2581116000656,,223.24407290003728,223.2581116000656,224.25721800001338,224.25721800001338,224.25721800001338,224.25721800001338,224.2738680000184,225.25625169998966,225.25625169998966,225.62421200005338,,,,,z,1,0.35730610007885844,None,0003,001,2025-10-02_17h12.30.509,Motor Seq Learning main code,2024.2.4,59.92915174755759,2025-10-02 17h12.44.707764 +0530,
150,v,14,14,4,v,1,0.7865520000923425,None,,,,,4,14,14,1,225.63934400002472,,225.6250507000368,225.63934400002472,226.6382957000751,226.6382957000751,226.6382957000751,226.6382957000751,226.6382957000751,227.63771959999576,227.63771959999576,228.43826289998833,,,,,v,1,0.7865520000923425,None,0003,001,2025-10-02_17h12.30.509,Motor Seq Learning main code,2024.2.4,59.92915174755759,2025-10-02 17h12.44.707764 +0530,
-50,x,15,15,3,x,1,0.7099586999975145,None,,,,,3,15,15,0,228.4533700000029,,228.43875720002688,228.4533700000029,229.4525136000011,229.4525136000011,229.4525136000011,229.4525136000011,229.4525136000011,230.45173450000584,230.45173450000584,231.16916140005924,,,,,x,1,0.7099586999975145,None,0003,001,2025-10-02_17h12.30.509,Motor Seq Learning main code,2024.2.4,59.92915174755759,2025-10-02 17h12.44.707764 +0530,
50,c,16,16,5,c,1,0.5917828999226913,None,,,,,5,16,16,2,231.18444450001698,,231.1696523000719,231.18444450001698,232.183733999962,232.183733999962,232.183733999962,232.183733999962,232.183733999962,233.18258799996693,233.18258799996693,233.78390639997087,,,,,c,1,0.5917828999226913,None,0003,001,2025-10-02_17h12.30.509,Motor Seq Learning main code,2024.2.4,59.92915174755759,2025-10-02 17h12.44.707764 +0530,
-150,z,17,17,2,z,1,0.8079486999195069,None,,,,,2,17,17,3,233.79881579999346,,233.7844489000272,233.79881579999346,234.79789220006205,234.79789220006205,234.79789220006205,234.79789220006205,234.79789220006205,235.79712300002575,235.79712300002575,236.6148080000421,,,,,z,1,0.8079486999195069,None,0003,001,2025-10-02_17h12.30.509,Motor Seq Learning main code,2024.2.4,59.92915174755759,2025-10-02 17h12.44.707764 +0530,
-50,x,18,18,4,x,1,0.5309948000358418,None,,,,,4,18,18,0,236.62971280002967,,236.61549200001173,236.62971280002967,237.6288421000354,237.6288421000354,237.6288421000354,237.6288421000354,237.6288421000354,238.62796259997413,238.62796259997413,239.16224249999505,,,,,x,1,0.5309948000358418,None,0003,001,2025-10-02_17h12.30.509,Motor Seq Learning main code,2024.2.4,59.92915174755759,2025-10-02 17h12.44.707764 +0530,
-150,z,19,19,3,z,1,0.47993350005708635,None,,,,,3,19,19,3,239.17742920003366,,239.16271359997336,239.17742920003366,240.17664870002773,240.17664870002773,240.17664870002773,240.17664870002773,240.17664870002773,241.17555659997743,241.17555659997743,241.65967339999042,,,,,z,1,0.47993350005708635,None,0003,001,2025-10-02_17h12.30.509,Motor Seq Learning main code,2024.2.4,59.92915174755759,2025-10-02 17h12.44.707764 +0530,
150,v,20,20,5,v,1,0.5461965000722557,None,,,,,5,20,20,1,241.67539540003054,,241.66007079998963,241.67539540003054,242.67437100003008,242.67437100003008,242.67437100003008,242.67437100003008,242.67437100003008,243.6736477999948,243.6736477999948,244.22454660001677,,,,,v,1,0.5461965000722557,None,0003,001,2025-10-02_17h12.30.509,Motor Seq Learning main code,2024.2.4,59.92915174755759,2025-10-02 17h12.44.707764 +0530,
-150,z,21,21,4,z,1,0.41257119993679225,None,,,,,4,21,21,3,244.23978309996892,,244.22503920004237,244.23978309996892,245.23877230007201,245.23877230007201,245.23877230007201,245.23877230007201,245.23877230007201,246.2380321000237,246.2380321000237,246.65612080006395,,,,,z,1,0.41257119993679225,None,0003,001,2025-10-02_17h12.30.509,Motor Seq Learning main code,2024.2.4,59.92915174755759,2025-10-02 17h12.44.707764 +0530,
150,v,22,22,6,v,1,0.7977995000546798,None,,,,,6,22,22,1,246.671021200018,,246.65670859999955,246.671021200018,247.67001160001382,247.67001160001382,247.67001160001382,247.67001160001382,247.68663650006056,248.66948380006943,248.66948380006943,249.4704982000403,,,,,v,1,0.7977995000546798,None,0003,001,2025-10-02_17h12.30.509,Motor Seq Learning main code,2024.2.4,59.92915174755759,2025-10-02 17h12.44.707764 +0530,
-150,z,23,23,5,z,1,0.3918214999139309,None,,,,,5,23,23,3,249.4850882999599,,249.47105100005865,249.4850882999599,250.4841891999822,250.4841891999822,250.4841891999822,250.4841891999822,250.4841891999822,251.4834136000136,251.4834136000136,251.8848561999621,,,,,z,1,0.3918214999139309,None,0003,001,2025-10-02_17h12.30.509,Motor Seq Learning main code,2024.2.4,59.92915174755759,2025-10-02 17h12.44.707764 +0530,
50,c,24,24,6,c,1,0.6785271000117064,None,,,,,6,24,24,2,251.899718199973,,251.88544990005903,251.899718199973,252.89875250007026,252.89875250007026,252.89875250007026,252.89875250007026,252.89875250007026,253.89791749999858,253.89791749999858,254.5822134000482,,,,,c,1,0.6785271000117064,None,0003,001,2025-10-02_17h12.30.509,Motor Seq Learning main code,2024.2.4,59.92915174755759,2025-10-02 17h12.44.707764 +0530,
-150,z,25,25,6,z,1,0.7727605999680236,None,,,,,6,25,25,3,254.5974806000013,,254.58271630003583,254.5974806000013,255.59635570005048,255.59635570005048,255.59635570005048,255.59635570005048,255.59635570005048,256.5956944000209,256.5956944000209,257.3798496000236,,,,,z,1,0.7727605999680236,None,0003,001,2025-10-02_17h12.30.509,Motor Seq Learning main code,2024.2.4,59.92915174755759,2025-10-02 17h12.44.707764 +0530,
150,v,26,26,7,v,1,0.5342981000430882,None,,,,,7,26,26,1,257.39489070000127,,257.38033950002864,257.39489070000127,258.394007600029,258.394007600029,258.394007600029,258.394007600029,258.394007600029,259.39315440005157,259.39315440005157,259.9438744999934,,,,,v,1,0.5342981000430882,None,0003,001,2025-10-02_17h12.30.509,Motor Seq Learning main code,2024.2.4,59.92915174755759,2025-10-02 17h12.44.707764 +0530,
150,v,27,27,8,v,1,0.42053770006168634,None,,,,,8,27,27,1,259.9592852999922,,259.9442660000641,259.9592852999922,260.95851110003423,260.95851110003423,260.95851110003423,260.95851110003423,260.95851110003423,261.9575914000161,261.9575914000161,262.39153400005307,,,,,v,1,0.42053770006168634,None,0003,001,2025-10-02_17h12.30.509,Motor Seq Learning main code,2024.2.4,59.92915174755759,2025-10-02 17h12.44.707764 +0530,
-50,x,28,28,5,x,1,0.5706243999302387,None,,,,,5,28,28,0,262.4071465000743,,262.3919395999983,262.4071465000743,263.40625580004416,263.40625580004416,263.40625580004416,263.40625580004416,263.40625580004416,264.40542920003645,264.40542920003645,264.9897675999673,,,,,x,1,0.5706243999302387,None,0003,001,2025-10-02_17h12.30.509,Motor Seq Learning main code,2024.2.4,59.92915174755759,2025-10-02 17h12.44.707764 +0530,
50,c,29,29,7,c,1,0.5771927000023425,None,,,,,7,29,29,2,265.0049459000584,,264.990258899983,265.0049459000584,266.00415010005236,266.00415010005236,266.00415010005236,266.00415010005236,266.00415010005236,267.00335640006233,267.00335640006233,267.5876505000051,,,,,c,1,0.5771927000023425,None,0003,001,2025-10-02_17h12.30.509,Motor Seq Learning main code,2024.2.4,59.92915174755759,2025-10-02 17h12.44.707764 +0530,
50,c,30,30,8,c,1,0.8404143999796361,None,,,,,8,30,30,2,267.60262190003414,,267.5882947000209,267.60262190003414,268.6019309000112,268.6019309000112,268.6019309000112,268.6019309000112,268.6019309000112,269.6009561000392,269.6009561000392,270.452252099989,,,,,c,1,0.8404143999796361,None,0003,001,2025-10-02_17h12.30.509,Motor Seq Learning main code,2024.2.4,59.92915174755759,2025-10-02 17h12.44.707764 +0530,
-150,z,31,31,7,z,1,0.34730270004365593,None,,,,,7,31,31,3,270.46682129998226,,270.45284589997027,270.46682129998226,271.46588190004695,271.46588190004695,271.46588190004695,271.46588190004695,271.46588190004695,272.4650251000421,272.4650251000421,272.8161053999793,,,,,z,1,0.34730270004365593,None,0003,001,2025-10-02_17h12.30.509,Motor Seq Learning main code,2024.2.4,59.92915174755759,2025-10-02 17h12.44.707764 +0530,
-50,x,32,32,6,x,1,0.603687800001353,None,,,,,6,32,32,0,272.83152460004203,,272.81653339997865,272.83152460004203,273.8306634000037,273.8306634000037,273.8306634000037,273.8306634000037,273.8306634000037,274.82978440006264,274.82978440006264,275.4477489000419,,,,,x,1,0.603687800001353,None,0003,001,2025-10-02_17h12.30.509,Motor Seq Learning main code,2024.2.4,59.92915174755759,2025-10-02 17h12.44.707764 +0530,
150,v,33,33,9,v,1,0.4152069000992924,None,,,,,9,33,33,1,275.46244599996135,,275.44834650005214,275.46244599996135,276.46156690001953,276.46156690001953,276.46156690001953,276.46156690001953,276.46156690001953,277.46076889999676,277.46076889999676,277.8789869999746,,,,,v,1,0.4152069000992924,None,0003,001,2025-10-02_17h12.30.509,Motor Seq Learning main code,2024.2.4,59.92915174755759,2025-10-02 17h12.44.707764 +0530,
50,c,34,34,9,c,1,0.5147637999616563,None,,,,,9,34,34,2,277.8938168999739,,277.8795998999849,277.8938168999739,278.8928816000698,278.8928816000698,278.8928816000698,278.8928816000698,278.8928816000698,279.8919829999795,279.8919829999795,280.40975150000304,,,,,c,1,0.5147637999616563,None,0003,001,2025-10-02_17h12.30.509,Motor Seq Learning main code,2024.2.4,59.92915174755759,2025-10-02 17h12.44.707764 +0530,
150,v,35,35,10,v,1,0.41569489997345954,None,,,,,10,35,35,1,280.4247212000191,,280.4102392999921,280.4247212000191,281.4238982000388,281.4238982000388,281.4238982000388,281.4238982000388,281.4238982000388,282.42298380006105,282.42298380006105,282.8407825999893,,,,,v,1,0.41569489997345954,None,0003,001,2025-10-02_17h12.30.509,Motor Seq Learning main code,2024.2.4,59.92915174755759,2025-10-02 17h12.44.707764 +0530,
-50,x,36,36,7,x,1,0.9072748000035062,None,,,,,7,36,36,0,282.8560221999651,,282.8412115999963,282.8560221999651,283.8551858999999,283.8551858999999,283.8551858999999,283.8551858999999,283.8551858999999,284.8541402000701,284.8541402000701,285.7714127000654,,,,,x,1,0.9072748000035062,None,0003,001,2025-10-02_17h12.30.509,Motor Seq Learning main code,2024.2.4,59.92915174755759,2025-10-02 17h12.44.707764 +0530,
150,v,37,37,11,v,1,0.6245946000562981,None,,,,,11,37,37,1,285.7867686999962,,285.77187719999347,285.7867686999962,286.7858382000122,286.7858382000122,286.7858382000122,286.7858382000122,286.7858382000122,287.78482499998063,287.78482499998063,288.4189476000611,,,,,v,1,0.6245946000562981,None,0003,001,2025-10-02_17h12.30.509,Motor Seq Learning main code,2024.2.4,59.92915174755759,2025-10-02 17h12.44.707764 +0530,
-150,z,38,38,8,z,1,0.6840368000557646,None,,,,,8,38,38,3,288.4346313000424,,288.4193371000001,288.4346313000424,289.4335102000041,289.4335102000041,289.4335102000041,289.4335102000041,289.4503232999705,290.4327487000264,290.4327487000264,291.13333530002274,,,,,z,1,0.6840368000557646,None,0003,001,2025-10-02_17h12.30.509,Motor Seq Learning main code,2024.2.4,59.92915174755759,2025-10-02 17h12.44.707764 +0530,
-150,z,39,39,9,z,1,0.6962481000227854,None,,,,,9,39,39,3,291.14872449997347,,291.1337244999595,291.14872449997347,292.1478569000028,292.1478569000028,292.1478569000028,292.1478569000028,292.1478569000028,293.147002600017,293.147002600017,293.84772289998364,,,,,z,1,0.6962481000227854,None,0003,001,2025-10-02_17h12.30.509,Motor Seq Learning main code,2024.2.4,59.92915174755759,2025-10-02 17h12.44.707764 +0530,
-150,z,40,40,10,z,1,0.8004921999527141,None,,,,,10,40,40,3,293.8631779999705,,293.84817440004554,293.8631779999705,294.8622417000588,294.8622417000588,294.8622417000588,294.8622417000588,294.8622417000588,295.86152020003647,295.86152020003647,296.6790281999856,,,,,z,1,0.8004921999527141,None,0003,001,2025-10-02_17h12.30.509,Motor Seq Learning main code,2024.2.4,59.92915174755759,2025-10-02 17h12.44.707764 +0530,
-150,z,41,41,11,z,1,0.6138507999712601,None,,,,,11,41,41,3,296.6939481999725,,296.67957969999406,296.6939481999725,297.69301589997485,297.69301589997485,297.69301589997485,297.69301589997485,297.69301589997485,298.69250160001684,298.69250160001684,299.3094273000024,,,,,z,1,0.6138507999712601,None,0003,001,2025-10-02_17h12.30.509,Motor Seq Learning main code,2024.2.4,59.92915174755759,2025-10-02 17h12.44.707764 +0530,
-50,x,42,42,8,x,1,0.8543226999463513,None,,,,,8,42,42,0,299.3248736000387,,299.3098248000024,299.3248736000387,300.32400540006347,300.32400540006347,300.32400540006347,300.32400540006347,300.32400540006347,301.3232622999931,301.3232622999931,302.1902206999948,,,,,x,1,0.8543226999463513,None,0003,001,2025-10-02_17h12.30.509,Motor Seq Learning main code,2024.2.4,59.92915174755759,2025-10-02 17h12.44.707764 +0530,
-150,z,43,43,12,z,1,0.6658184999832883,None,,,,,12,43,43,3,302.2059191999724,,302.19060620001983,302.2059191999724,303.204783400055,303.204783400055,303.204783400055,303.204783400055,303.204783400055,304.204093700042,304.204093700042,304.8717025000369,,,,,z,1,0.6658184999832883,None,0003,001,2025-10-02_17h12.30.509,Motor Seq Learning main code,2024.2.4,59.92915174755759,2025-10-02 17h12.44.707764 +0530,
-50,x,44,44,9,x,1,0.5092293999623507,None,,,,,9,44,44,0,304.88676699995995,,304.8721994999796,304.88676699995995,305.8859332000138,305.8859332000138,305.8859332000138,305.8859332000138,305.8859332000138,306.8849910000572,306.8849910000572,307.403071800014,,,,,x,1,0.5092293999623507,None,0003,001,2025-10-02_17h12.30.509,Motor Seq Learning main code,2024.2.4,59.92915174755759,2025-10-02 17h12.44.707764 +0530,
-50,x,45,45,10,x,1,0.5712658000411466,None,,,,,10,45,45,0,307.4178622000618,,307.40348019998055,307.4178622000618,308.4170109999832,308.4170109999832,308.4170109999832,308.4170109999832,308.4170109999832,309.4161189000588,309.4161189000588,310.0007184999995,,,,,x,1,0.5712658000411466,None,0003,001,2025-10-02_17h12.30.509,Motor Seq Learning main code,2024.2.4,59.92915174755759,2025-10-02 17h12.44.707764 +0530,
-50,x,46,46,11,x,1,0.5526317999465391,None,,,,,11,46,46,0,310.015625,,310.00131389999297,310.015625,311.01476379996166,311.01476379996166,311.01476379996166,311.01476379996166,311.01476379996166,312.01404969999567,312.01404969999567,312.5812031000387,,,,,x,1,0.5526317999465391,None,0003,001,2025-10-02_17h12.30.509,Motor Seq Learning main code,2024.2.4,59.92915174755759,2025-10-02 17h12.44.707764 +0530,
150,v,47,47,12,v,1,0.32389920006971806,None,,,,,12,47,47,1,312.5965792000061,,312.58159930002876,312.5965792000061,313.5958323000232,313.5958323000232,313.5958323000232,313.5958323000232,313.5958323000232,314.59502130001783,314.59502130001783,314.93000300007407,,,,,v,1,0.32389920006971806,None,0003,001,2025-10-02_17h12.30.509,Motor Seq Learning main code,2024.2.4,59.92915174755759,2025-10-02 17h12.44.707764 +0530,
50,c,48,48,10,c,1,0.8434447000036016,None,,,,,10,48,48,2,314.9448403000133,,314.93065710004885,314.9448403000133,315.9437762000598,315.9437762000598,315.9437762000598,315.9437762000598,315.9606345000211,316.94298980000895,316.94298980000895,317.7936888000695,,,,,c,1,0.8434447000036016,None,0003,001,2025-10-02_17h12.30.509,Motor Seq Learning main code,2024.2.4,59.92915174755759,2025-10-02 17h12.44.707764 +0530,
-150,z,49,49,13,z,1,0.3871023999527097,None,,,,,13,49,49,3,317.8087525999872,,317.7941992999986,317.8087525999872,318.80800119997,318.80800119997,318.80800119997,318.80800119997,318.80800119997,319.8071323999902,319.8071323999902,320.20799020002596,,,,,z,1,0.3871023999527097,None,0003,001,2025-10-02_17h12.30.509,Motor Seq Learning main code,2024.2.4,59.92915174755759,2025-10-02 17h12.44.707764 +0530,
50,c,50,50,11,c,1,0.4108358999947086,None,,,,,11,50,50,2,320.2233065000037,,320.20842799998354,320.2233065000037,321.22258599998895,321.22258599998895,321.22258599998895,321.22258599998895,321.22258599998895,322.22163080004975,322.22163080004975,322.63922160002403,,,,,c,1,0.4108358999947086,None,0003,001,2025-10-02_17h12.30.509,Motor Seq Learning main code,2024.2.4,59.92915174755759,2025-10-02 17h12.44.707764 +0530,
50,c,51,51,12,c,1,0.5254244999960065,None,,,,,12,51,51,2,322.65451670007315,,322.639635700034,322.65451670007315,323.6536499999929,323.6536499999929,323.6536499999929,323.6536499999929,323.6536499999929,324.65282149997074,324.65282149997074,325.18743699998595,,,,,c,1,0.5254244999960065,None,0003,001,2025-10-02_17h12.30.509,Motor Seq Learning main code,2024.2.4,59.92915174755759,2025-10-02 17h12.44.707764 +0530,
-150,z,52,52,14,z,1,0.48393049999140203,None,,,,,14,52,52,3,325.2023669000482,,325.18794229999185,325.2023669000482,326.2014629000332,326.2014629000332,326.2014629000332,326.2014629000332,326.2014629000332,327.2006147999782,327.2006147999782,327.76337940001395,,,,,z,1,0.48393049999140203,None,0003,001,2025-10-02_17h12.30.509,Motor Seq Learning main code,2024.2.4,59.92915174755759,2025-10-02 17h12.44.707764 +0530,
-50,x,53,53,12,x,1,0.37911219999659806,None,,,,,12,53,53,0,327.76750970003195,,327.7637656000443,327.76750970003195,328.765912199975,328.765912199975,328.765912199975,328.765912199975,328.78282840002794,329.7651205000002,329.7651205000002,330.150651199976,,,,,x,1,0.37911219999659806,None,0003,001,2025-10-02_17h12.30.509,Motor Seq Learning main code,2024.2.4,59.92915174755759,2025-10-02 17h12.44.707764 +0530,
150,v,54,54,13,v,1,0.5235594999976456,None,,,,,13,54,54,1,330.1648790000472,,330.15148340002634,330.1648790000472,331.16394290002063,331.16394290002063,331.16394290002063,331.16394290002063,331.16394290002063,332.16295729996637,332.16295729996637,332.69716099998914,,,,,v,1,0.5235594999976456,None,0003,001,2025-10-02_17h12.30.509,Motor Seq Learning main code,2024.2.4,59.92915174755759,2025-10-02 17h12.44.707764 +0530,
50,c,55,55,13,c,1,0.4379809000529349,None,,,,,13,55,55,2,332.7124881000491,,332.6975518000545,332.7124881000491,333.7115319999866,333.7115319999866,333.7115319999866,333.7115319999866,333.7115319999866,334.7107640999602,334.7107640999602,335.1629610999953,,,,,c,1,0.4379809000529349,None,0003,001,2025-10-02_17h12.30.509,Motor Seq Learning main code,2024.2.4,59.92915174755759,2025-10-02 17h12.44.707764 +0530,
-150,z,56,56,15,z,1,0.5930858000647277,None,,,,,15,56,56,3,335.1770335000474,,335.1633487000363,335.1770335000474,336.17641309998,336.17641309998,336.17641309998,336.17641309998,336.17641309998,337.1751841000514,337.1751841000514,337.7763011000352,,,,,z,1,0.5930858000647277,None,0003,001,2025-10-02_17h12.30.509,Motor Seq Learning main code,2024.2.4,59.92915174755759,2025-10-02 17h12.44.707764 +0530,
-50,x,57,57,13,x,1,0.46165920002385974,None,,,,,13,57,57,0,337.79146440001205,,337.7767793000676,337.79146440001205,338.79053640004713,338.79053640004713,338.79053640004713,338.79053640004713,338.79053640004713,339.78960210003424,339.78960210003424,340.2574719999684,,,,,x,1,0.46165920002385974,None,0003,001,2025-10-02_17h12.30.509,Motor Seq Learning main code,2024.2.4,59.92915174755759,2025-10-02 17h12.44.707764 +0530,
50,c,58,58,14,c,1,0.494589600013569,None,,,,,14,58,58,2,340.27251969999634,,340.25796219997574,340.27251969999634,341.27164930000436,341.27164930000436,341.27164930000436,341.27164930000436,341.27164930000436,342.27082269999664,342.27082269999664,342.77246690005995,,,,,c,1,0.494589600013569,None,0003,001,2025-10-02_17h12.30.509,Motor Seq Learning main code,2024.2.4,59.92915174755759,2025-10-02 17h12.44.707764 +0530,
150,v,59,59,14,v,1,0.5422086999751627,None,,,,,14,59,59,1,342.78706100001,,342.77311159996316,342.78706100001,343.7860693000257,343.7860693000257,343.7860693000257,343.7860693000257,343.7860693000257,344.7852916000411,344.7852916000411,345.33675600006245,,,,,v,1,0.5422086999751627,None,0003,001,2025-10-02_17h12.30.509,Motor Seq Learning main code,2024.2.4,59.92915174755759,2025-10-02 17h12.44.707764 +0530,
-150,z,60,60,16,z,1,0.7034424999728799,None,,,,,16,60,60,3,345.35155130003113,,345.33733450004365,345.35155130003113,346.35072099999525,346.35072099999525,346.35072099999525,346.35072099999525,346.35072099999525,347.3497410999844,347.3497410999844,348.06746459996793,,,,,z,1,0.7034424999728799,None,0003,001,2025-10-02_17h12.30.509,Motor Seq Learning main code,2024.2.4,59.92915174755759,2025-10-02 17h12.44.707764 +0530,
-50,x,61,61,14,x,1,0.8103869000915438,None,,,,,14,61,61,0,348.08235499996226,,348.0679526999593,348.08235499996226,349.0816025000531,349.0816025000531,349.0816025000531,349.0816025000531,349.0816025000531,350.0807625000598,350.0807625000598,350.8983853000682,,,,,x,1,0.8103869000915438,None,0003,001,2025-10-02_17h12.30.509,Motor Seq Learning main code,2024.2.4,59.92915174755759,2025-10-02 17h12.44.707764 +0530,
50,c,62,62,15,c,1,0.4855002999538556,None,,,,,15,62,62,2,350.9133979000617,,350.89899570005946,350.9133979000617,351.91233900003135,351.91233900003135,351.91233900003135,351.91233900003135,351.91233900003135,352.91152790002525,352.91152790002525,353.41267019999214,,,,,c,1,0.4855002999538556,None,0003,001,2025-10-02_17h12.30.509,Motor Seq Learning main code,2024.2.4,59.92915174755759,2025-10-02 17h12.44.707764 +0530,
-150,z,63,63,17,z,1,1.0400495999492705,None,,,,,17,63,63,3,353.4276624000631,,353.41320060007274,353.4276624000631,354.4268146000104,354.4268146000104,354.4268146000104,354.4268146000104,354.4268146000104,355.4260547000449,355.4260547000449,356.4762926000403,,,,,z,1,1.0400495999492705,None,0003,001,2025-10-02_17h12.30.509,Motor Seq Learning main code,2024.2.4,59.92915174755759,2025-10-02 17h12.44.707764 +0530,
50,c,64,64,16,c,1,0.7323125000111759,None,,,,,16,64,64,2,356.4918437000597,,356.47672849998344,356.4918437000597,357.49081610003486,357.49081610003486,357.49081610003486,357.49081610003486,357.49081610003486,358.4900481000077,358.4900481000077,359.2246946999803,,,,,c,1,0.7323125000111759,None,0003,001,2025-10-02_17h12.30.509,Motor Seq Learning main code,2024.2.4,59.92915174755759,2025-10-02 17h12.44.707764 +0530,
-50,x,65,65,15,x,1,0.8856548999901861,None,,,,,15,65,65,0,359.2394325999776,,359.2253037999617,359.2394325999776,360.2384830999654,360.2384830999654,360.2384830999654,360.2384830999654,360.2384830999654,361.2378294999944,361.2378294999944,362.1382987999823,,,,,x,1,0.8856548999901861,None,0003,001,2025-10-02_17h12.30.509,Motor Seq Learning main code,2024.2.4,59.92915174755759,2025-10-02 17h12.44.707764 +0530,
150,v,66,66,15,v,1,0.5289199999533594,None,,,,,15,66,66,1,362.1534291000571,,362.13879310002085,362.1534291000571,363.15258480003104,363.15258480003104,363.15258480003104,363.15258480003104,363.15258480003104,364.1518835000461,364.1518835000461,364.6863643999677,,,,,v,1,0.5289199999533594,None,0003,001,2025-10-02_17h12.30.509,Motor Seq Learning main code,2024.2.4,59.92915174755759,2025-10-02 17h12.44.707764 +0530,
150,v,67,67,16,v,1,0.4542444000253454,None,,,,,16,67,67,1,364.70117050001863,,364.6868549999781,364.70117050001863,365.7003531999653,365.7003531999653,365.7003531999653,365.7003531999653,365.7003531999653,366.69970680004917,366.69970680004917,367.16761550004594,,,,,v,1,0.4542444000253454,None,0003,001,2025-10-02_17h12.30.509,Motor Seq Learning main code,2024.2.4,59.92915174755759,2025-10-02 17h12.44.707764 +0530,
-50,x,68,68,16,x,1,0.7338623000541702,None,,,,,16,68,68,0,367.18245339998975,,367.1681894999929,367.18245339998975,368.18158360000234,368.18158360000234,368.18158360000234,368.18158360000234,368.18158360000234,369.1806971000042,369.1806971000042,369.9317687000148,,,,,x,1,0.7338623000541702,None,0003,001,2025-10-02_17h12.30.509,Motor Seq Learning main code,2024.2.4,59.92915174755759,2025-10-02 17h12.44.707764 +0530,
150,v,69,69,17,v,1,0.33523590001277626,None,,,,,17,69,69,1,369.94676279998384,,369.9323585999664,369.94676279998384,370.94575559999794,370.94575559999794,370.94575559999794,370.94575559999794,370.94575559999794,371.94513070001267,371.94513070001267,372.2964864000678,,,,,v,1,0.33523590001277626,None,0003,001,2025-10-02_17h12.30.509,Motor Seq Learning main code,2024.2.4,59.92915174755759,2025-10-02 17h12.44.707764 +0530,
-150,z,70,70,18,z,1,0.669134300085716,None,,,,,18,70,70,3,372.31134160002694,,372.29707510001026,372.31134160002694,373.3103533000685,373.3103533000685,373.3103533000685,373.3103533000685,373.3103533000685,374.30971190007403,374.30971190007403,374.9942741000559,,,,,z,1,0.669134300085716,None,0003,001,2025-10-02_17h12.30.509,Motor Seq Learning main code,2024.2.4,59.92915174755759,2025-10-02 17h12.44.707764 +0530,
-50,x,71,71,17,x,1,0.6676456000423059,None,,,,,17,71,71,0,375.0089300000109,,374.9949776000576,375.0089300000109,376.0081113000633,376.0081113000633,376.0081113000633,376.0081113000633,376.0081113000633,377.00716659997124,377.00716659997124,377.691684099962,,,,,x,1,0.6676456000423059,None,0003,001,2025-10-02_17h12.30.509,Motor Seq Learning main code,2024.2.4,59.92915174755759,2025-10-02 17h12.44.707764 +0530,
50,c,72,72,17,c,1,0.833983700023964,None,,,,,17,72,72,2,377.70639619999565,,377.6921776999952,377.70639619999565,378.7057060999796,378.7057060999796,378.7057060999796,378.7057060999796,378.7057060999796,379.70497299998533,379.70497299998533,380.55604719999246,,,,,c,1,0.833983700023964,None,0003,001,2025-10-02_17h12.30.509,Motor Seq Learning main code,2024.2.4,59.92915174755759,2025-10-02 17h12.44.707764 +0530,
-150,z,73,73,19,z,1,0.4608178000198677,None,,,,,19,73,73,3,380.57078139996156,,380.55664129997604,380.57078139996156,381.56989919999614,381.56989919999614,381.56989919999614,381.56989919999614,381.56989919999614,382.568873399985,382.568873399985,383.03660990006756,,,,,z,1,0.4608178000198677,None,0003,001,2025-10-02_17h12.30.509,Motor Seq Learning main code,2024.2.4,59.92915174755759,2025-10-02 17h12.44.707764 +0530,
50,c,74,74,18,c,1,0.4293313999660313,None,,,,,18,74,74,2,383.05177020002156,,383.03707800002303,383.05177020002156,384.0512198000215,384.0512198000215,384.0512198000215,384.0512198000215,384.0512198000215,385.05016790004447,385.05016790004447,385.4844293000642,,,,,c,1,0.4293313999660313,None,0003,001,2025-10-02_17h12.30.509,Motor Seq Learning main code,2024.2.4,59.92915174755759,2025-10-02 17h12.44.707764 +0530,
50,c,75,75,19,c,1,0.36432749999221414,None,,,,,19,75,75,2,385.4996686000377,,385.4848641999997,385.4996686000377,386.49904470006004,386.49904470006004,386.49904470006004,386.49904470006004,386.49904470006004,387.4980652000522,387.4980652000522,387.8661570000695,,,,,c,1,0.36432749999221414,None,0003,001,2025-10-02_17h12.30.509,Motor Seq Learning main code,2024.2.4,59.92915174755759,2025-10-02 17h12.44.707764 +0530,
150,v,76,76,18,c,0,0.3836860000155866,None,,,,,18,76,76,1,387.88098710007034,,387.8668497999897,387.88098710007034,388.8801393000176,388.8801393000176,388.8801393000176,388.8801393000176,388.8801393000176,389.87921250006184,389.87921250006184,390.28031740000006,,,,,c,0,0.3836860000155866,None,0003,001,2025-10-02_17h12.30.509,Motor Seq Learning main code,2024.2.4,59.92915174755759,2025-10-02 17h12.44.707764 +0530,
-50,x,77,77,18,x,1,0.6404920000350103,None,,,,,18,77,77,0,390.29563559999224,,390.2807436999865,390.29563559999224,391.294767400017,391.294767400017,391.294767400017,391.294767400017,391.294767400017,392.2938881000737,392.2938881000737,392.9444887000136,,,,,x,1,0.6404920000350103,None,0003,001,2025-10-02_17h12.30.509,Motor Seq Learning main code,2024.2.4,59.92915174755759,2025-10-02 17h12.44.707764 +0530,
150,v,78,78,19,v,1,0.41668589995242655,None,,,,,19,78,78,1,392.9599306000164,,392.9450082000112,392.9599306000164,393.95904250000603,393.95904250000603,393.95904250000603,393.95904250000603,393.95904250000603,394.9584022000199,394.9584022000199,395.37712740001734,,,,,v,1,0.41668589995242655,None,0003,001,2025-10-02_17h12.30.509,Motor Seq Learning main code,2024.2.4,59.92915174755759,2025-10-02 17h12.44.707764 +0530,
-50,x,79,79,19,x,1,0.5507886999985203,None,,,,,19,79,79,0,395.3911276999861,,395.3777396000223,395.3911276999861,396.39040859998204,396.39040859998204,396.39040859998204,396.39040859998204,396.39040859998204,397.3895959999645,397.3895959999645,397.957870000042,,,,,x,1,0.5507886999985203,None,0003,001,2025-10-02_17h12.30.509,Motor Seq Learning main code,2024.2.4,59.92915174755759,2025-10-02 17h12.44.707764 +0530,
