thisN,thisTrialN,thisRepN,mouse.x,mouse.y,mouse.leftButton,mouse.midButton,mouse.rightButton,mouse.time,mouse.clicked_name,trials.thisRepN,trials.thisTrialN,trials.thisN,trials.thisIndex,thisRow.t,notes,num_distr,trial.started,fixation.started,target.started,mouse.started,trial.stopped,trials.mouse.x,trials.mouse.y,trials.mouse.leftButton,trials.mouse.midButton,trials.mouse.rightButton,trials.mouse.time,trials.mouse.clicked_name,participant,session,date,expName,psychopyVersion,frameRate,expStart,
0,0,0,[0.15462962962962962],[-0.3435185185185185],[1],[0],[0],[3.808847500011325],['target'],0,0,0,0,0.10237169999163598,,10,0.07205710001289845,0.10237169999163598,0.10237169999163598,0.07158020010683686,3.881751299952157,[0.15462962962962962],[-0.3435185185185185],[1],[0],[0],[3.808847500011325],['target'],0002,001,2025-09-30_11h43.49.670,Visual search main code,2024.2.4,59.955560962780226,2025-09-30 11h44.13.892836 +0530,
1,0,1,[-0.3851851851851852],[0.43703703703703706],[1],[0],[0],[2.4758599000051618],['target'],1,0,1,0,3.933626899961382,,5,3.9214037000201643,3.933626899961382,3.933626899961382,0.039020500029437244,6.3982003999408334,[-0.3851851851851852],[0.43703703703703706],[1],[0],[0],[2.4758599000051618],['target'],0002,001,2025-09-30_11h43.49.670,Visual search main code,2024.2.4,59.955560962780226,2025-09-30 11h44.13.892836 +0530,
2,0,2,[-0.37037037037037035],[-0.10092592592592593],[1],[0],[0],[2.135362399974838],['target'],2,0,2,0,6.539549099979922,,10,6.509059099946171,6.539549099979922,6.539549099979922,0.11034560005646199,8.645347299985588,[-0.37037037037037035],[-0.10092592592592593],[1],[0],[0],[2.135362399974838],['target'],0002,001,2025-09-30_11h43.49.670,Visual search main code,2024.2.4,59.955560962780226,2025-09-30 11h44.13.892836 +0530,
3,0,3,[0.3814814814814815],[-0.34629629629629627],[1],[0],[0],[2.5670138000277802],['target'],3,0,3,0,8.757730299956165,,10,8.724239900009707,8.757730299956165,8.757730299956165,0.07845320005435497,11.291978499968536,[0.3814814814814815],[-0.34629629629629627],[1],[0],[0],[2.5670138000277802],['target'],0002,001,2025-09-30_11h43.49.670,Visual search main code,2024.2.4,59.955560962780226,2025-09-30 11h44.13.892836 +0530,
4,0,4,[-0.021296296296296296],[-0.2101851851851852],[1],[0],[0],[2.786996699986048],['target'],4,0,4,0,11.404543899931014,,10,11.36904170003254,11.404543899931014,11.404543899931014,0.07661710004322231,14.156951099983416,[-0.021296296296296296],[-0.2101851851851852],[1],[0],[0],[2.786996699986048],['target'],0002,001,2025-09-30_11h43.49.670,Visual search main code,2024.2.4,59.955560962780226,2025-09-30 11h44.13.892836 +0530,
5,0,5,[-0.037037037037037035],[0.28055555555555556],[1],[0],[0],[1.9708029999164864],['target'],5,0,5,0,14.26730339997448,,10,14.233567800023593,14.26730339997448,14.26730339997448,0.07620849995873868,16.205261299968697,[-0.037037037037037035],[0.28055555555555556],[1],[0],[0],[1.9708029999164864],['target'],0002,001,2025-09-30_11h43.49.670,Visual search main code,2024.2.4,59.955560962780226,2025-09-30 11h44.13.892836 +0530,
6,0,6,[0.07314814814814814],[-0.1925925925925926],[1],[0],[0],[2.457182800048031],['target'],6,0,6,0,16.266806500032544,,5,16.245639299973845,16.266806500032544,16.266806500032544,0.03978380002081394,18.703660500003025,[0.07314814814814814],[-0.1925925925925926],[1],[0],[0],[2.457182800048031],['target'],0002,001,2025-09-30_11h43.49.670,Visual search main code,2024.2.4,59.955560962780226,2025-09-30 11h44.13.892836 +0530,
7,0,7,[-0.26481481481481484],[0.06851851851851852],[1],[0],[0],[1.572905599954538],['target'],7,0,7,0,18.764724000007845,,5,18.74431530002039,18.764724000007845,18.764724000007845,0.04029949998948723,20.318127600010484,[-0.26481481481481484],[0.06851851851851852],[1],[0],[0],[1.572905599954538],['target'],0002,001,2025-09-30_11h43.49.670,Visual search main code,2024.2.4,59.955560962780226,2025-09-30 11h44.13.892836 +0530,
8,0,8,[-0.2851851851851852],[0.09166666666666666],[1],[0],[0],[1.5199036999838427],['target'],8,0,8,0,20.428815999999642,,10,20.395707299932837,20.428815999999642,20.428815999999642,0.07722029997967184,21.916405400028452,[-0.2851851851851852],[0.09166666666666666],[1],[0],[0],[1.5199036999838427],['target'],0002,001,2025-09-30_11h43.49.670,Visual search main code,2024.2.4,59.955560962780226,2025-09-30 11h44.13.892836 +0530,
9,0,9,[-0.13240740740740742],[-0.44351851851851853],[1],[0],[0],[2.207977099926211],['target'],9,0,9,0,21.977833300014026,,5,21.95644849992823,21.977833300014026,21.977833300014026,0.039644000004045665,24.165265599964187,[-0.13240740740740742],[-0.44351851851851853],[1],[0],[0],[2.207977099926211],['target'],0002,001,2025-09-30_11h43.49.670,Visual search main code,2024.2.4,59.955560962780226,2025-09-30 11h44.13.892836 +0530,
10,0,10,[0.45925925925925926],[-0.4583333333333333],[1],[0],[0],[2.9140514000318944],['target'],10,0,10,0,24.282855700002983,,10,24.24762949999422,24.282855700002983,24.282855700002983,0.0819970000302419,27.162528899963945,[0.45925925925925926],[-0.4583333333333333],[1],[0],[0],[2.9140514000318944],['target'],0002,001,2025-09-30_11h43.49.670,Visual search main code,2024.2.4,59.955560962780226,2025-09-30 11h44.13.892836 +0530,
11,0,11,[-0.03333333333333333],[0.12777777777777777],[1],[0],[0],[1.8909811999183148],['target'],11,0,11,0,27.26904459996149,,10,27.23556960001588,27.26904459996149,27.26904459996149,0.07263220008462667,29.12741229997482,[-0.03333333333333333],[0.12777777777777777],[1],[0],[0],[1.8909811999183148],['target'],0002,001,2025-09-30_11h43.49.670,Visual search main code,2024.2.4,59.955560962780226,2025-09-30 11h44.13.892836 +0530,
12,0,12,[-0.14907407407407408],[0.23055555555555557],[1],[0],[0],[3.220294800004922],['target'],12,0,12,0,29.238619199953973,,10,29.20488380000461,29.238619199953973,29.238619199953973,0.0770279000280425,32.4260709999362,[-0.14907407407407408],[0.23055555555555557],[1],[0],[0],[3.220294800004922],['target'],0002,001,2025-09-30_11h43.49.670,Visual search main code,2024.2.4,59.955560962780226,2025-09-30 11h44.13.892836 +0530,
13,0,13,[0.17314814814814813],[-0.18333333333333332],[1],[0],[0],[2.3033467000350356],['target'],13,0,13,0,32.49058939993847,,5,32.468285299954005,32.49058939993847,32.49058939993847,0.041799900005571544,34.77248829999007,[0.17314814814814813],[-0.18333333333333332],[1],[0],[0],[2.3033467000350356],['target'],0002,001,2025-09-30_11h43.49.670,Visual search main code,2024.2.4,59.955560962780226,2025-09-30 11h44.13.892836 +0530,
14,0,14,[0.462037037037037],[-0.412962962962963],[1],[0],[0],[2.6054172000149265],['target'],14,0,14,0,34.884408699930646,,10,34.8490662999684,34.884408699930646,34.884408699930646,0.076232900028117,37.45548000000417,[0.462037037037037],[-0.412962962962963],[1],[0],[0],[2.6054172000149265],['target'],0002,001,2025-09-30_11h43.49.670,Visual search main code,2024.2.4,59.955560962780226,2025-09-30 11h44.13.892836 +0530,
15,0,15,[0.18888888888888888],[0.013888888888888888],[1],[0],[0],[1.5708567999536172],['target'],15,0,15,0,37.52044370002113,,5,37.49702200002503,37.52044370002113,37.52044370002113,0.04083950002677739,39.06880949996412,[0.18888888888888888],[0.013888888888888888],[1],[0],[0],[1.5708567999536172],['target'],0002,001,2025-09-30_11h43.49.670,Visual search main code,2024.2.4,59.955560962780226,2025-09-30 11h44.13.892836 +0530,
16,0,16,"[0.18888888888888888, 0.44814814814814813]","[0.013888888888888888, -0.09537037037037037]","[1, 1]","[0, 0]","[0, 0]","[0.4752263000700623, 1.3899687000084668]","[None, 'target']",16,0,16,0,39.13104200002272,,5,39.109768599970266,39.13104200002272,39.13104200002272,0.040603999979794025,40.5006713999901,"[0.18888888888888888, 0.44814814814814813]","[0.013888888888888888, -0.09537037037037037]","[1, 1]","[0, 0]","[0, 0]","[0.4752263000700623, 1.3899687000084668]","[None, 'target']",0002,001,2025-09-30_11h43.49.670,Visual search main code,2024.2.4,59.955560962780226,2025-09-30 11h44.13.892836 +0530,
17,0,17,[0.07222222222222222],[-0.25],[1],[0],[0],[2.3349242999684066],['target'],17,0,17,0,40.61546689993702,,10,40.579362599994056,40.61546689993702,40.61546689993702,0.07831750006880611,42.91514439997263,[0.07222222222222222],[-0.25],[1],[0],[0],[2.3349242999684066],['target'],0002,001,2025-09-30_11h43.49.670,Visual search main code,2024.2.4,59.955560962780226,2025-09-30 11h44.13.892836 +0530,
18,0,18,[-0.016666666666666666],[0.3509259259259259],[1],[0],[0],[2.418065399979241],['target'],18,0,18,0,43.0308199999854,,10,42.99491110001691,43.0308199999854,43.0308199999854,0.07936929992865771,45.4138919999823,[-0.016666666666666666],[0.3509259259259259],[1],[0],[0],[2.418065399979241],['target'],0002,001,2025-09-30_11h43.49.670,Visual search main code,2024.2.4,59.955560962780226,2025-09-30 11h44.13.892836 +0530,
19,0,19,[-0.04722222222222222],[0.3731481481481482],[1],[0],[0],[1.3237099999096245],['target'],19,0,19,0,45.47738820000086,,5,45.45387099997606,45.47738820000086,45.47738820000086,0.03957410005386919,46.77850389992818,[-0.04722222222222222],[0.3731481481481482],[1],[0],[0],[1.3237099999096245],['target'],0002,001,2025-09-30_11h43.49.670,Visual search main code,2024.2.4,59.955560962780226,2025-09-30 11h44.13.892836 +0530,
20,0,20,[0.44074074074074077],[0.35555555555555557],[1],[0],[0],[1.6080478000221774],['target'],20,0,20,0,46.84014430001844,,5,46.8182220000308,46.84014430001844,46.84014430001844,0.03938540001399815,48.42721639992669,[0.44074074074074077],[0.35555555555555557],[1],[0],[0],[1.6080478000221774],['target'],0002,001,2025-09-30_11h43.49.670,Visual search main code,2024.2.4,59.955560962780226,2025-09-30 11h44.13.892836 +0530,
21,0,21,[-0.05],[-0.2175925925925926],[1],[0],[0],[2.741725299973041],['target'],21,0,21,0,48.488042399985716,,5,48.46776469994802,48.488042399985716,48.488042399985716,0.04020769998896867,51.21051579993218,[-0.05],[-0.2175925925925926],[1],[0],[0],[2.741725299973041],['target'],0002,001,2025-09-30_11h43.49.670,Visual search main code,2024.2.4,59.955560962780226,2025-09-30 11h44.13.892836 +0530,
22,0,22,[0.47314814814814815],[0.09814814814814815],[1],[0],[0],[2.5034155000466853],['target'],22,0,22,0,51.275239999988116,,5,51.2520415999461,51.275239999988116,51.275239999988116,0.04115130007266998,53.75639859994408,[0.47314814814814815],[0.09814814814814815],[1],[0],[0],[2.5034155000466853],['target'],0002,001,2025-09-30_11h43.49.670,Visual search main code,2024.2.4,59.955560962780226,2025-09-30 11h44.13.892836 +0530,
23,0,23,[0.4666666666666667],[-0.4444444444444444],[1],[0],[0],[2.4879340000916272],['target'],23,0,23,0,53.81716009997763,,5,53.79772419994697,53.81716009997763,53.81716009997763,0.04100660001859069,56.28654549992643,[0.4666666666666667],[-0.4444444444444444],[1],[0],[0],[2.4879340000916272],['target'],0002,001,2025-09-30_11h43.49.670,Visual search main code,2024.2.4,59.955560962780226,2025-09-30 11h44.13.892836 +0530,
24,0,24,[0.24537037037037038],[-0.058333333333333334],[1],[0],[0],[1.6865877999225631],['target'],24,0,24,0,56.38887679995969,,10,56.364912900025956,56.38887679995969,56.38887679995969,0.07797470001969486,58.0523992999224,[0.24537037037037038],[-0.058333333333333334],[1],[0],[0],[1.6865877999225631],['target'],0002,001,2025-09-30_11h43.49.670,Visual search main code,2024.2.4,59.955560962780226,2025-09-30 11h44.13.892836 +0530,
25,0,25,[0.3111111111111111],[-0.08148148148148149],[1],[0],[0],[1.4265403000172228],['target'],25,0,25,0,58.11244759999681,,5,58.09176460001618,58.11244759999681,58.11244759999681,0.038926100009121,59.51922040001955,[0.3111111111111111],[-0.08148148148148149],[1],[0],[0],[1.4265403000172228],['target'],0002,001,2025-09-30_11h43.49.670,Visual search main code,2024.2.4,59.955560962780226,2025-09-30 11h44.13.892836 +0530,
26,0,26,[-0.001851851851851852],[-0.33055555555555555],[1],[0],[0],[2.671258599963039],['target'],26,0,26,0,59.582843699958175,,5,59.56004180002492,59.582843699958175,59.582843699958175,0.0404167000669986,62.23220139998011,[-0.001851851851851852],[-0.33055555555555555],[1],[0],[0],[2.671258599963039],['target'],0002,001,2025-09-30_11h43.49.670,Visual search main code,2024.2.4,59.955560962780226,2025-09-30 11h44.13.892836 +0530,
27,0,27,[0.15833333333333333],[-0.14351851851851852],[1],[0],[0],[1.8887649000389501],['target'],27,0,27,0,62.345138199976645,,10,62.30959600000642,62.345138199976645,62.345138199976645,0.0770427999086678,64.19916179997381,[0.15833333333333333],[-0.14351851851851852],[1],[0],[0],[1.8887649000389501],['target'],0002,001,2025-09-30_11h43.49.670,Visual search main code,2024.2.4,59.955560962780226,2025-09-30 11h44.13.892836 +0530,
28,0,28,[-0.27685185185185185],[0.028703703703703703],[1],[0],[0],[1.7066143000265583],['target'],28,0,28,0,64.258083099965,,5,64.23783899995033,64.258083099965,64.258083099965,0.03822380001656711,65.94535449997056,[-0.27685185185185185],[0.028703703703703703],[1],[0],[0],[1.7066143000265583],['target'],0002,001,2025-09-30_11h43.49.670,Visual search main code,2024.2.4,59.955560962780226,2025-09-30 11h44.13.892836 +0530,
29,0,29,[0.08148148148148149],[0.06388888888888888],[1],[0],[0],[3.635068600066006],['target'],29,0,29,0,66.05721869994886,,10,66.02382090000901,66.05721869994886,66.05721869994886,0.07803650002460927,69.65967790002469,[0.08148148148148149],[0.06388888888888888],[1],[0],[0],[3.635068600066006],['target'],0002,001,2025-09-30_11h43.49.670,Visual search main code,2024.2.4,59.955560962780226,2025-09-30 11h44.13.892836 +0530,
30,0,30,[-0.2898148148148148],[-0.36018518518518516],[1],[0],[0],[2.1132827000692487],['target'],30,0,30,0,69.77786010003183,,10,69.74316229997203,69.77786010003183,69.77786010003183,0.08308400004170835,71.85723999992479,[-0.2898148148148148],[-0.36018518518518516],[1],[0],[0],[2.1132827000692487],['target'],0002,001,2025-09-30_11h43.49.670,Visual search main code,2024.2.4,59.955560962780226,2025-09-30 11h44.13.892836 +0530,
31,0,31,[0.3296296296296296],[0.287962962962963],[1],[0],[0],[1.7569805000675842],['target'],31,0,31,0,71.9178394000046,,5,71.89696019992698,71.9178394000046,71.9178394000046,0.03932059998624027,73.65472510003019,[0.3296296296296296],[0.287962962962963],[1],[0],[0],[1.7569805000675842],['target'],0002,001,2025-09-30_11h43.49.670,Visual search main code,2024.2.4,59.955560962780226,2025-09-30 11h44.13.892836 +0530,
32,0,32,[-0.11018518518518519],[0.4027777777777778],[1],[0],[0],[1.956069300067611],['target'],32,0,32,0,73.76266100001521,,10,73.72968999994919,73.76266100001521,73.76266100001521,0.07461250002961606,75.68662619998213,[-0.11018518518518519],[0.4027777777777778],[1],[0],[0],[1.956069300067611],['target'],0002,001,2025-09-30_11h43.49.670,Visual search main code,2024.2.4,59.955560962780226,2025-09-30 11h44.13.892836 +0530,
33,0,33,[0.06481481481481481],[0.13518518518518519],[1],[0],[0],[1.5594662999501452],['target'],33,0,33,0,75.74488270003349,,5,75.72426729998551,75.74488270003349,75.74488270003349,0.03718680003657937,77.28478119999636,[0.06481481481481481],[0.13518518518518519],[1],[0],[0],[1.5594662999501452],['target'],0002,001,2025-09-30_11h43.49.670,Visual search main code,2024.2.4,59.955560962780226,2025-09-30 11h44.13.892836 +0530,
34,0,34,[-0.2175925925925926],[0.34814814814814815],[1],[0],[0],[1.756212699925527],['target'],34,0,34,0,77.39577269996516,,10,77.36015469999984,77.39577269996516,77.39577269996516,0.07500869990326464,79.11727179994341,[-0.2175925925925926],[0.34814814814814815],[1],[0],[0],[1.756212699925527],['target'],0002,001,2025-09-30_11h43.49.670,Visual search main code,2024.2.4,59.955560962780226,2025-09-30 11h44.13.892836 +0530,
35,0,35,[-0.000925925925925926],[-0.2611111111111111],[1],[0],[0],[2.4546469999477267],['target'],35,0,35,0,79.2288300000364,,10,79.19268600002397,79.2288300000364,79.2288300000364,0.0750148999504745,81.64805590000469,[-0.000925925925925926],[-0.2611111111111111],[1],[0],[0],[2.4546469999477267],['target'],0002,001,2025-09-30_11h43.49.670,Visual search main code,2024.2.4,59.955560962780226,2025-09-30 11h44.13.892836 +0530,
36,0,36,[-0.4388888888888889],[-0.03888888888888889],[1],[0],[0],[2.9064025999978185],['target'],36,0,36,0,81.70956809993368,,5,81.68845879996661,81.70956809993368,81.70956809993368,0.03995110001415014,84.59576840000227,[-0.4388888888888889],[-0.03888888888888889],[1],[0],[0],[2.9064025999978185],['target'],0002,001,2025-09-30_11h43.49.670,Visual search main code,2024.2.4,59.955560962780226,2025-09-30 11h44.13.892836 +0530,
37,0,37,[0.25462962962962965],[0.1814814814814815],[1],[0],[0],[1.8816344999941066],['target'],37,0,37,0,84.71215749997646,,10,84.67779190000147,84.71215749997646,84.71215749997646,0.08168609999120235,86.56042100000195,[0.25462962962962965],[0.1814814814814815],[1],[0],[0],[1.8816344999941066],['target'],0002,001,2025-09-30_11h43.49.670,Visual search main code,2024.2.4,59.955560962780226,2025-09-30 11h44.13.892836 +0530,
38,0,38,[0.35],[0.4925925925925926],[1],[0],[0],[6.532330400077626],['target'],38,0,38,0,86.6750642999541,,10,86.63825209997594,86.6750642999541,86.6750642999541,0.07735729997511953,93.17150269995909,[0.35],[0.4925925925925926],[1],[0],[0],[6.532330400077626],['target'],0002,001,2025-09-30_11h43.49.670,Visual search main code,2024.2.4,59.955560962780226,2025-09-30 11h44.13.892836 +0530,
39,0,39,[-0.39537037037037037],[-0.3148148148148148],[1],[0],[0],[3.2833877000957727],['target'],39,0,39,0,93.2873676000163,,10,93.2511445999844,93.2873676000163,93.2873676000163,0.07919580000452697,96.5354027999565,[-0.39537037037037037],[-0.3148148148148148],[1],[0],[0],[3.2833877000957727],['target'],0002,001,2025-09-30_11h43.49.670,Visual search main code,2024.2.4,59.955560962780226,2025-09-30 11h44.13.892836 +0530,
40,0,40,[0.12685185185185185],[0.0824074074074074],[1],[0],[0],[3.7860878000501543],['target'],40,0,40,0,96.6496128999861,,10,96.613934300025,96.6496128999861,96.6496128999861,0.07808869995642453,100.40095589996781,[0.12685185185185185],[0.0824074074074074],[1],[0],[0],[3.7860878000501543],['target'],0002,001,2025-09-30_11h43.49.670,Visual search main code,2024.2.4,59.955560962780226,2025-09-30 11h44.13.892836 +0530,
41,0,41,[0.42777777777777776],[0.005555555555555556],[1],[0],[0],[1.7545549999922514],['target'],41,0,41,0,100.46440199995413,,5,100.44201749993954,100.46440199995413,100.46440199995413,0.040669200010597706,102.19741649995558,[0.42777777777777776],[0.005555555555555556],[1],[0],[0],[1.7545549999922514],['target'],0002,001,2025-09-30_11h43.49.670,Visual search main code,2024.2.4,59.955560962780226,2025-09-30 11h44.13.892836 +0530,
42,0,42,[0.34814814814814815],[-0.3074074074074074],[1],[0],[0],[2.3727337999735028],['target'],42,0,42,0,102.25942839996424,,5,102.23828649998177,102.25942839996424,102.25942839996424,0.040525499964132905,104.61186449998058,[0.34814814814814815],[-0.3074074074074074],[1],[0],[0],[2.3727337999735028],['target'],0002,001,2025-09-30_11h43.49.670,Visual search main code,2024.2.4,59.955560962780226,2025-09-30 11h44.13.892836 +0530,
43,0,43,[0.009259259259259259],[-0.22870370370370371],[1],[0],[0],[1.7003110999939963],['target'],43,0,43,0,104.82569460000377,,10,104.6934012999991,104.82569460000377,104.82569460000377,0.08118059998378158,106.39464079996105,[0.009259259259259259],[-0.22870370370370371],[1],[0],[0],[1.7003110999939963],['target'],0002,001,2025-09-30_11h43.49.670,Visual search main code,2024.2.4,59.955560962780226,2025-09-30 11h44.13.892836 +0530,
44,0,44,[0.13425925925925927],[-0.4685185185185185],[1],[0],[0],[2.2166833999799564],['target'],44,0,44,0,106.50798410002608,,10,106.47366609994788,106.50798410002608,106.50798410002608,0.07859380007721484,108.69112490001135,[0.13425925925925927],[-0.4685185185185185],[1],[0],[0],[2.2166833999799564],['target'],0002,001,2025-09-30_11h43.49.670,Visual search main code,2024.2.4,59.955560962780226,2025-09-30 11h44.13.892836 +0530,
45,0,45,[0.2212962962962963],[-0.13425925925925927],[1],[0],[0],[1.6589211999671534],['target'],45,0,45,0,108.75182020000648,,5,108.7300314999884,108.75182020000648,108.75182020000648,0.03851320000831038,110.38982539996505,[0.2212962962962963],[-0.13425925925925927],[1],[0],[0],[1.6589211999671534],['target'],0002,001,2025-09-30_11h43.49.670,Visual search main code,2024.2.4,59.955560962780226,2025-09-30 11h44.13.892836 +0530,
46,0,46,[-0.2351851851851852],[0.24444444444444444],[1],[0],[0],[2.073039200040512],['target'],46,0,46,0,110.45296849997249,,5,110.431095500011,110.45296849997249,110.45296849997249,0.040961400023661554,112.50500160001684,[-0.2351851851851852],[0.24444444444444444],[1],[0],[0],[2.073039200040512],['target'],0002,001,2025-09-30_11h43.49.670,Visual search main code,2024.2.4,59.955560962780226,2025-09-30 11h44.13.892836 +0530,
47,0,47,[0.2935185185185185],[0.2574074074074074],[1],[0],[0],[2.0186624999623746],['target'],47,0,47,0,112.61845159996301,,10,112.5833007999463,112.61845159996301,112.61845159996301,0.07792960002552718,114.602751599974,[0.2935185185185185],[0.2574074074074074],[1],[0],[0],[2.0186624999623746],['target'],0002,001,2025-09-30_11h43.49.670,Visual search main code,2024.2.4,59.955560962780226,2025-09-30 11h44.13.892836 +0530,
48,0,48,[0.14907407407407408],[0.4842592592592593],[1],[0],[0],[4.584856600034982],['target'],48,0,48,0,114.71657869999763,,10,114.68181119998917,114.71657869999763,114.71657869999763,0.07866839994676411,119.26758859993424,[0.14907407407407408],[0.4842592592592593],[1],[0],[0],[4.584856600034982],['target'],0002,001,2025-09-30_11h43.49.670,Visual search main code,2024.2.4,59.955560962780226,2025-09-30 11h44.13.892836 +0530,
49,0,49,[0.11203703703703703],[0.15555555555555556],[1],[0],[0],[1.8027423000894487],['target'],49,0,49,0,119.37820869998541,,10,119.34333479998168,119.37820869998541,119.37820869998541,0.075349299935624,121.1468584999675,[0.11203703703703703],[0.15555555555555556],[1],[0],[0],[1.8027423000894487],['target'],0002,001,2025-09-30_11h43.49.670,Visual search main code,2024.2.4,59.955560962780226,2025-09-30 11h44.13.892836 +0530,
50,0,50,[-0.19907407407407407],[-0.08796296296296297],[1],[0],[0],[1.9826166999991983],['target'],50,0,50,0,121.26242519996595,,10,121.22846589994151,121.26242519996595,121.26242519996595,0.08116870000958443,123.21191680000629,[-0.19907407407407407],[-0.08796296296296297],[1],[0],[0],[1.9826166999991983],['target'],0002,001,2025-09-30_11h43.49.670,Visual search main code,2024.2.4,59.955560962780226,2025-09-30 11h44.13.892836 +0530,
51,0,51,[0.04259259259259259],[0.14444444444444443],[1],[0],[0],[1.570464099990204],['target'],51,0,51,0,123.27682359993923,,5,123.2559118999634,123.27682359993923,123.27682359993923,0.04346760001499206,124.82735529995989,[0.04259259259259259],[0.14444444444444443],[1],[0],[0],[1.570464099990204],['target'],0002,001,2025-09-30_11h43.49.670,Visual search main code,2024.2.4,59.955560962780226,2025-09-30 11h44.13.892836 +0530,
52,0,52,[-0.15185185185185185],[0.48703703703703705],[1],[0],[0],[1.475954500027001],['target'],52,0,52,0,124.88874720002059,,5,124.86726989992894,124.88874720002059,124.88874720002059,0.03953860001638532,126.34410600003321,[-0.15185185185185185],[0.48703703703703705],[1],[0],[0],[1.475954500027001],['target'],0002,001,2025-09-30_11h43.49.670,Visual search main code,2024.2.4,59.955560962780226,2025-09-30 11h44.13.892836 +0530,
53,0,53,[0.23796296296296296],[-0.28055555555555556],[1],[0],[0],[2.0061947000212967],['target'],53,0,53,0,126.41055659996346,,5,126.38404949998949,126.41055659996346,126.41055659996346,0.039583700010553,128.39112479996402,[0.23796296296296296],[-0.28055555555555556],[1],[0],[0],[2.0061947000212967],['target'],0002,001,2025-09-30_11h43.49.670,Visual search main code,2024.2.4,59.955560962780226,2025-09-30 11h44.13.892836 +0530,
54,0,54,[-0.43148148148148147],[-0.3],[1],[0],[0],[2.579122200026177],['target'],54,0,54,0,128.5119591000257,,10,128.47645369998645,128.5119591000257,128.5119591000257,0.08499580004718155,131.0564708999591,[-0.43148148148148147],[-0.3],[1],[0],[0],[2.579122200026177],['target'],0002,001,2025-09-30_11h43.49.670,Visual search main code,2024.2.4,59.955560962780226,2025-09-30 11h44.13.892836 +0530,
55,0,55,[0.5018518518518519],[0.05648148148148148],[1],[0],[0],[1.9276334999594837],['target'],55,0,55,0,131.14598989998922,,10,131.12588109995704,131.14598989998922,131.14598989998922,0.06895820004865527,133.05439629999455,[0.5018518518518519],[0.05648148148148148],[1],[0],[0],[1.9276334999594837],['target'],0002,001,2025-09-30_11h43.49.670,Visual search main code,2024.2.4,59.955560962780226,2025-09-30 11h44.13.892836 +0530,
56,0,56,[0.017592592592592594],[-0.2111111111111111],[1],[0],[0],[2.665840300032869],['target'],56,0,56,0,133.1673335999949,,10,133.134387099999,133.1673335999949,133.1673335999949,0.07951309997588396,135.80112730001565,[0.017592592592592594],[-0.2111111111111111],[1],[0],[0],[2.665840300032869],['target'],0002,001,2025-09-30_11h43.49.670,Visual search main code,2024.2.4,59.955560962780226,2025-09-30 11h44.13.892836 +0530,
57,0,57,[-0.08055555555555556],[-0.4111111111111111],[1],[0],[0],[3.0370365999406204],['target'],57,0,57,0,135.91203400003724,,10,135.87769779993687,135.91203400003724,135.91203400003724,0.0761089000152424,138.91563770000357,[-0.08055555555555556],[-0.4111111111111111],[1],[0],[0],[3.0370365999406204],['target'],0002,001,2025-09-30_11h43.49.670,Visual search main code,2024.2.4,59.955560962780226,2025-09-30 11h44.13.892836 +0530,
58,0,58,[0.3212962962962963],[-0.22685185185185186],[1],[0],[0],[2.5689446999458596],['target'],58,0,58,0,139.0288851999212,,10,138.9930042999331,139.0288851999212,139.0288851999212,0.07704959996044636,141.56284449994564,[0.3212962962962963],[-0.22685185185185186],[1],[0],[0],[2.5689446999458596],['target'],0002,001,2025-09-30_11h43.49.670,Visual search main code,2024.2.4,59.955560962780226,2025-09-30 11h44.13.892836 +0530,
59,0,59,[0.41759259259259257],[0.28888888888888886],[1],[0],[0],[1.7438156000571325],['target'],59,0,59,0,141.62430030002724,,5,141.60277889994904,141.62430030002724,141.62430030002724,0.03937509993556887,143.34770919999573,[0.41759259259259257],[0.28888888888888886],[1],[0],[0],[1.7438156000571325],['target'],0002,001,2025-09-30_11h43.49.670,Visual search main code,2024.2.4,59.955560962780226,2025-09-30 11h44.13.892836 +0530,
60,0,60,[-0.18981481481481483],[-0.3851851851851852],[1],[0],[0],[2.1512746999505907],['target'],60,0,60,0,143.4122363999486,,5,143.3904755000258,143.4122363999486,143.4122363999486,0.042409999994561076,145.5426525999792,[-0.18981481481481483],[-0.3851851851851852],[1],[0],[0],[2.1512746999505907],['target'],0002,001,2025-09-30_11h43.49.670,Visual search main code,2024.2.4,59.955560962780226,2025-09-30 11h44.13.892836 +0530,
61,0,61,[0.29907407407407405],[0.23148148148148148],[1],[0],[0],[1.7061926000751555],['target'],61,0,61,0,145.6050675000297,,5,145.58408509998117,145.6050675000297,145.6050675000297,0.04100780002772808,147.29115940001793,[0.29907407407407405],[0.23148148148148148],[1],[0],[0],[1.7061926000751555],['target'],0002,001,2025-09-30_11h43.49.670,Visual search main code,2024.2.4,59.955560962780226,2025-09-30 11h44.13.892836 +0530,
62,0,62,[-0.27685185185185185],[0.3398148148148148],[1],[0],[0],[1.6901336000300944],['target'],62,0,62,0,147.35413769993465,,5,147.33223679999355,147.35413769993465,147.35413769993465,0.04074719990603626,149.02326849999372,[-0.27685185185185185],[0.3398148148148148],[1],[0],[0],[1.6901336000300944],['target'],0002,001,2025-09-30_11h43.49.670,Visual search main code,2024.2.4,59.955560962780226,2025-09-30 11h44.13.892836 +0530,
63,0,63,[-0.29907407407407405],[0.4777777777777778],[1],[0],[0],[3.198751199990511],['target'],63,0,63,0,149.13873589993455,,10,149.10324510000646,149.13873589993455,149.13873589993455,0.07952389994170517,152.30277589999605,[-0.29907407407407405],[0.4777777777777778],[1],[0],[0],[3.198751199990511],['target'],0002,001,2025-09-30_11h43.49.670,Visual search main code,2024.2.4,59.955560962780226,2025-09-30 11h44.13.892836 +0530,
64,0,64,[-0.14166666666666666],[0.1361111111111111],[1],[0],[0],[2.256878099986352],['target'],64,0,64,0,152.41318559995852,,10,152.37695379997604,152.41318559995852,152.41318559995852,0.07380979997105896,154.634749299963,[-0.14166666666666666],[0.1361111111111111],[1],[0],[0],[2.256878099986352],['target'],0002,001,2025-09-30_11h43.49.670,Visual search main code,2024.2.4,59.955560962780226,2025-09-30 11h44.13.892836 +0530,
65,0,65,[0.2601851851851852],[-0.40555555555555556],[1],[0],[0],[2.723707899916917],['target'],65,0,65,0,154.69479179999325,,5,154.67475599993486,154.69479179999325,154.69479179999325,0.03956310008652508,157.3993207999738,[0.2601851851851852],[-0.40555555555555556],[1],[0],[0],[2.723707899916917],['target'],0002,001,2025-09-30_11h43.49.670,Visual search main code,2024.2.4,59.955560962780226,2025-09-30 11h44.13.892836 +0530,
66,0,66,[0.010185185185185186],[0.1388888888888889],[1],[0],[0],[1.6890630999114364],['target'],66,0,66,0,157.46337839995977,,5,157.4403636000352,157.46337839995977,157.46337839995977,0.04068509989883751,159.13028979999945,[0.010185185185185186],[0.1388888888888889],[1],[0],[0],[1.6890630999114364],['target'],0002,001,2025-09-30_11h43.49.670,Visual search main code,2024.2.4,59.955560962780226,2025-09-30 11h44.13.892836 +0530,
67,0,67,[-0.35555555555555557],[-0.28703703703703703],[1],[0],[0],[3.5360497999936342],['target'],67,0,67,0,159.2409650000045,,10,159.20778509997763,159.2409650000045,159.2409650000045,0.07719139999244362,162.74478079995606,[-0.35555555555555557],[-0.28703703703703703],[1],[0],[0],[3.5360497999936342],['target'],0002,001,2025-09-30_11h43.49.670,Visual search main code,2024.2.4,59.955560962780226,2025-09-30 11h44.13.892836 +0530,
68,0,68,[-0.04814814814814815],[-0.1259259259259259],[1],[0],[0],[1.5759131000377238],['target'],68,0,68,0,162.80422839999665,,5,162.78462719998788,162.80422839999665,162.80422839999665,0.039288600091822445,164.36142760002986,[-0.04814814814814815],[-0.1259259259259259],[1],[0],[0],[1.5759131000377238],['target'],0002,001,2025-09-30_11h43.49.670,Visual search main code,2024.2.4,59.955560962780226,2025-09-30 11h44.13.892836 +0530,
69,0,69,[0.05277777777777778],[-0.21574074074074073],[1],[0],[0],[1.8675072999903932],['target'],69,0,69,0,164.4727495999541,,10,164.4392477000365,164.4727495999541,164.4727495999541,0.07747120002750307,166.3075122999726,[0.05277777777777778],[-0.21574074074074073],[1],[0],[0],[1.8675072999903932],['target'],0002,001,2025-09-30_11h43.49.670,Visual search main code,2024.2.4,59.955560962780226,2025-09-30 11h44.13.892836 +0530,
70,0,70,[-0.5037037037037037],[0.05185185185185185],[1],[0],[0],[1.8117086000274867],['target'],70,0,70,0,166.41130509995855,,10,166.3772151999874,166.41130509995855,166.41130509995855,0.06930239999201149,168.18962970003486,[-0.5037037037037037],[0.05185185185185185],[1],[0],[0],[1.8117086000274867],['target'],0002,001,2025-09-30_11h43.49.670,Visual search main code,2024.2.4,59.955560962780226,2025-09-30 11h44.13.892836 +0530,
71,0,71,[-0.43148148148148147],[0.4666666666666667],[1],[0],[0],[2.5442095999605954],['target'],71,0,71,0,168.28914849995635,,10,168.2588478999678,168.28914849995635,168.28914849995635,0.06862489995546639,170.80366380000487,[-0.43148148148148147],[0.4666666666666667],[1],[0],[0],[2.5442095999605954],['target'],0002,001,2025-09-30_11h43.49.670,Visual search main code,2024.2.4,59.955560962780226,2025-09-30 11h44.13.892836 +0530,
72,0,72,[0.004629629629629629],[-0.32314814814814813],[1],[0],[0],[2.562245500041172],['target'],72,0,72,0,170.85820329992566,,5,170.8390175999375,170.85820329992566,170.85820329992566,0.03486840007826686,173.40195390000008,[0.004629629629629629],[-0.32314814814814813],[1],[0],[0],[2.562245500041172],['target'],0002,001,2025-09-30_11h43.49.670,Visual search main code,2024.2.4,59.955560962780226,2025-09-30 11h44.13.892836 +0530,
73,0,73,[-0.25092592592592594],[0.25277777777777777],[1],[0],[0],[3.042224199976772],['target'],73,0,73,0,173.46075650001876,,5,173.4385977999773,173.46075650001876,173.46075650001876,0.03640800004359335,176.4815374999307,[-0.25092592592592594],[0.25277777777777777],[1],[0],[0],[3.042224199976772],['target'],0002,001,2025-09-30_11h43.49.670,Visual search main code,2024.2.4,59.955560962780226,2025-09-30 11h44.13.892836 +0530,
74,0,74,[0.2361111111111111],[0.29074074074074074],[1],[0],[0],[1.4625786999240518],['target'],74,0,74,0,176.53305760002695,,5,176.51699479995295,176.53305760002695,176.53305760002695,0.03500079992227256,177.98027049994562,[0.2361111111111111],[0.29074074074074074],[1],[0],[0],[1.4625786999240518],['target'],0002,001,2025-09-30_11h43.49.670,Visual search main code,2024.2.4,59.955560962780226,2025-09-30 11h44.13.892836 +0530,
75,0,75,[0.37777777777777777],[-0.10740740740740741],[1],[0],[0],[2.330371299991384],['target'],75,0,75,0,178.03276480000932,,5,178.01520359993447,178.03276480000932,178.03276480000932,0.0344576999777928,180.34643979999237,[0.37777777777777777],[-0.10740740740740741],[1],[0],[0],[2.330371299991384],['target'],0002,001,2025-09-30_11h43.49.670,Visual search main code,2024.2.4,59.955560962780226,2025-09-30 11h44.13.892836 +0530,
76,0,76,[0.10925925925925926],[0.20092592592592592],[1],[0],[0],[1.556730700074695],['target'],76,0,76,0,180.44133910001256,,10,180.4203691999428,180.44133910001256,180.44133910001256,0.0735116999130696,181.97803170001134,[0.10925925925925926],[0.20092592592592592],[1],[0],[0],[1.556730700074695],['target'],0002,001,2025-09-30_11h43.49.670,Visual search main code,2024.2.4,59.955560962780226,2025-09-30 11h44.13.892836 +0530,
77,0,77,[-0.13796296296296295],[0.016666666666666666],[1],[0],[0],[1.3260587999830022],['target'],77,0,77,0,182.03815499995835,,5,182.0167682999745,182.03815499995835,182.03815499995835,0.03828880004584789,183.34369629994035,[-0.13796296296296295],[0.016666666666666666],[1],[0],[0],[1.3260587999830022],['target'],0002,001,2025-09-30_11h43.49.670,Visual search main code,2024.2.4,59.955560962780226,2025-09-30 11h44.13.892836 +0530,
78,0,78,[0.37222222222222223],[-0.2935185185185185],[1],[0],[0],[1.7351118000224233],['target'],78,0,78,0,183.4573906000005,,10,183.42220309993718,183.4573906000005,183.4573906000005,0.07819240004755557,185.15813759993762,[0.37222222222222223],[-0.2935185185185185],[1],[0],[0],[1.7351118000224233],['target'],0002,001,2025-09-30_11h43.49.670,Visual search main code,2024.2.4,59.955560962780226,2025-09-30 11h44.13.892836 +0530,
79,0,79,[0.08148148148148149],[-0.22962962962962963],[1],[0],[0],[1.8197270999662578],['target'],79,0,79,0,185.27186119998805,,10,185.23808489996009,185.27186119998805,185.27186119998805,0.07949030003510416,187.0587688999949,[0.08148148148148149],[-0.22962962962962963],[1],[0],[0],[1.8197270999662578],['target'],0002,001,2025-09-30_11h43.49.670,Visual search main code,2024.2.4,59.955560962780226,2025-09-30 11h44.13.892836 +0530,
80,0,80,[-0.20833333333333334],[-0.13240740740740742],[1],[0],[0],[1.605007900041528],['target'],80,0,80,0,187.1201464999467,,5,187.1002861999441,187.1201464999467,187.1201464999467,0.04107170004863292,188.70617210003547,[-0.20833333333333334],[-0.13240740740740742],[1],[0],[0],[1.605007900041528],['target'],0002,001,2025-09-30_11h43.49.670,Visual search main code,2024.2.4,59.955560962780226,2025-09-30 11h44.13.892836 +0530,
81,0,81,[0.5027777777777778],[-0.1111111111111111],[1],[0],[0],[1.8158797000069171],['target'],81,0,81,0,188.77792729996145,,5,188.75378989998717,188.77792729996145,188.77792729996145,0.047216700040735304,190.57047739997506,[0.5027777777777778],[-0.1111111111111111],[1],[0],[0],[1.8158797000069171],['target'],0002,001,2025-09-30_11h43.49.670,Visual search main code,2024.2.4,59.955560962780226,2025-09-30 11h44.13.892836 +0530,
82,0,82,[-0.3351851851851852],[-0.032407407407407406],[1],[0],[0],[1.9203096999553964],['target'],82,0,82,0,190.6355229000328,,5,190.61318350001238,190.6355229000328,190.6355229000328,0.04225199995562434,192.5343400000129,[-0.3351851851851852],[-0.032407407407407406],[1],[0],[0],[1.9203096999553964],['target'],0002,001,2025-09-30_11h43.49.670,Visual search main code,2024.2.4,59.955560962780226,2025-09-30 11h44.13.892836 +0530,
83,0,83,[0.4074074074074074],[0.4777777777777778],[1],[0],[0],[2.134061200078577],['target'],83,0,83,0,192.64874189998955,,10,192.61379899992608,192.64874189998955,192.64874189998955,0.0791287999600172,194.74863849999383,[0.4074074074074074],[0.4777777777777778],[1],[0],[0],[2.134061200078577],['target'],0002,001,2025-09-30_11h43.49.670,Visual search main code,2024.2.4,59.955560962780226,2025-09-30 11h44.13.892836 +0530,
84,0,84,[0.22592592592592592],[-0.18703703703703703],[1],[0],[0],[2.4913891999749467],['target'],84,0,84,0,194.8756532999687,,10,194.84069310000632,194.8756532999687,194.8756532999687,0.09152340004220605,197.33292009995785,[0.22592592592592592],[-0.18703703703703703],[1],[0],[0],[2.4913891999749467],['target'],0002,001,2025-09-30_11h43.49.670,Visual search main code,2024.2.4,59.955560962780226,2025-09-30 11h44.13.892836 +0530,
85,0,85,[-0.049074074074074076],[0.1675925925925926],[1],[0],[0],[2.106548000010662],['target'],85,0,85,0,197.39279660000466,,5,197.37207749998197,197.39279660000466,197.39279660000466,0.03873780008871108,199.47948490001727,[-0.049074074074074076],[0.1675925925925926],[1],[0],[0],[2.106548000010662],['target'],0002,001,2025-09-30_11h43.49.670,Visual search main code,2024.2.4,59.955560962780226,2025-09-30 11h44.13.892836 +0530,
86,0,86,[-0.45740740740740743],[0.3037037037037037],[1],[0],[0],[2.048268200014718],['target'],86,0,86,0,199.59615350002423,,10,199.56167760002427,199.59615350002423,199.59615350002423,0.0818185000680387,201.61091429996304,[-0.45740740740740743],[0.3037037037037037],[1],[0],[0],[2.048268200014718],['target'],0002,001,2025-09-30_11h43.49.670,Visual search main code,2024.2.4,59.955560962780226,2025-09-30 11h44.13.892836 +0530,
87,0,87,[0.3685185185185185],[-0.24722222222222223],[1],[0],[0],[1.9723131000064313],['target'],87,0,87,0,201.67250019998755,,5,201.65258350002114,201.67250019998755,201.67250019998755,0.04112219996750355,203.62584689992946,[0.3685185185185185],[-0.24722222222222223],[1],[0],[0],[1.9723131000064313],['target'],0002,001,2025-09-30_11h43.49.670,Visual search main code,2024.2.4,59.955560962780226,2025-09-30 11h44.13.892836 +0530,
88,0,88,[0.4111111111111111],[0.19166666666666668],[1],[0],[0],[2.2298461999744177],['target'],88,0,88,0,203.7434409999987,,10,203.70876710000448,203.7434409999987,203.7434409999987,0.08256020001135767,205.93949279992376,[0.4111111111111111],[0.19166666666666668],[1],[0],[0],[2.2298461999744177],['target'],0002,001,2025-09-30_11h43.49.670,Visual search main code,2024.2.4,59.955560962780226,2025-09-30 11h44.13.892836 +0530,
89,0,89,[-0.20092592592592592],[-0.23055555555555557],[1],[0],[0],[1.808119700057432],['target'],89,0,89,0,206.00211220001802,,5,205.98136099998374,206.00211220001802,206.00211220001802,0.04142310004681349,207.79052179993596,[-0.20092592592592592],[-0.23055555555555557],[1],[0],[0],[1.808119700057432],['target'],0002,001,2025-09-30_11h43.49.670,Visual search main code,2024.2.4,59.955560962780226,2025-09-30 11h44.13.892836 +0530,
90,0,90,[0.175],[0.22962962962962963],[1],[0],[0],[2.0209628000156954],['target'],90,0,90,0,207.85191770002712,,5,207.83131959999446,207.85191770002712,207.85191770002712,0.04042129998560995,209.85315039998386,[0.175],[0.22962962962962963],[1],[0],[0],[2.0209628000156954],['target'],0002,001,2025-09-30_11h43.49.670,Visual search main code,2024.2.4,59.955560962780226,2025-09-30 11h44.13.892836 +0530,
91,0,91,[-0.07037037037037037],[-0.08333333333333333],[1],[0],[0],[1.6588861000491306],['target'],91,0,91,0,209.9135638999287,,5,209.89229859993793,209.9135638999287,209.9135638999287,0.038790199905633926,211.55214980000164,[-0.07037037037037037],[-0.08333333333333333],[1],[0],[0],[1.6588861000491306],['target'],0002,001,2025-09-30_11h43.49.670,Visual search main code,2024.2.4,59.955560962780226,2025-09-30 11h44.13.892836 +0530,
92,0,92,[0.3435185185185185],[-0.41944444444444445],[1],[0],[0],[3.059630100033246],['target'],92,0,92,0,211.6118854000233,,5,211.59146429994144,211.6118854000233,211.6118854000233,0.038885700050741434,214.6519514999818,[0.3435185185185185],[-0.41944444444444445],[1],[0],[0],[3.059630100033246],['target'],0002,001,2025-09-30_11h43.49.670,Visual search main code,2024.2.4,59.955560962780226,2025-09-30 11h44.13.892836 +0530,
93,0,93,[0.14444444444444443],[0.05092592592592592],[1],[0],[0],[2.217851899913512],['target'],93,0,93,0,214.76449470000807,,10,214.72987009992357,214.76449470000807,214.76449470000807,0.07755109993740916,216.94868879998103,[0.14444444444444443],[0.05092592592592592],[1],[0],[0],[2.217851899913512],['target'],0002,001,2025-09-30_11h43.49.670,Visual search main code,2024.2.4,59.955560962780226,2025-09-30 11h44.13.892836 +0530,
94,0,94,[-0.026851851851851852],[-0.018518518518518517],[1],[0],[0],[2.467717600055039],['target'],94,0,94,0,217.06254299997818,,10,217.02731479995418,217.06254299997818,217.06254299997818,0.07823129999451339,219.49597389996052,[-0.026851851851851852],[-0.018518518518518517],[1],[0],[0],[2.467717600055039],['target'],0002,001,2025-09-30_11h43.49.670,Visual search main code,2024.2.4,59.955560962780226,2025-09-30 11h44.13.892836 +0530,
95,0,95,[-0.3333333333333333],[0.13518518518518519],[1],[0],[0],[1.7548578000860289],['target'],95,0,95,0,219.55810110003222,,5,219.53735070000403,219.55810110003222,219.55810110003222,0.040562500013038516,221.2930354999844,[-0.3333333333333333],[0.13518518518518519],[1],[0],[0],[1.7548578000860289],['target'],0002,001,2025-09-30_11h43.49.670,Visual search main code,2024.2.4,59.955560962780226,2025-09-30 11h44.13.892836 +0530,
96,0,96,[-0.3416666666666667],[-0.35],[1],[0],[0],[2.8517195000313222],['target'],96,0,96,0,221.40663209999911,,10,221.37159819994122,221.40663209999911,221.40663209999911,0.07821199996396899,224.22416530002374,[-0.3416666666666667],[-0.35],[1],[0],[0],[2.8517195000313222],['target'],0002,001,2025-09-30_11h43.49.670,Visual search main code,2024.2.4,59.955560962780226,2025-09-30 11h44.13.892836 +0530,
97,0,97,[-0.09074074074074075],[0.09351851851851851],[1],[0],[0],[2.669999700039625],['target'],97,0,97,0,224.3374957999913,,10,224.30139659997076,224.3374957999913,224.3374957999913,0.07690990006085485,226.97226890001912,[-0.09074074074074075],[0.09351851851851851],[1],[0],[0],[2.669999700039625],['target'],0002,001,2025-09-30_11h43.49.670,Visual search main code,2024.2.4,59.955560962780226,2025-09-30 11h44.13.892836 +0530,
98,0,98,[0.11203703703703703],[-0.18981481481481483],[1],[0],[0],[4.880887400009669],['target'],98,0,98,0,227.08578660001513,,10,227.05220689997077,227.08578660001513,227.08578660001513,0.0794830999802798,231.933973499923,[0.11203703703703703],[-0.18981481481481483],[1],[0],[0],[4.880887400009669],['target'],0002,001,2025-09-30_11h43.49.670,Visual search main code,2024.2.4,59.955560962780226,2025-09-30 11h44.13.892836 +0530,
99,0,99,[-0.3175925925925926],[0.11666666666666667],[1],[0],[0],[1.5917254999512807],['target'],99,0,99,0,231.99313710001297,,5,231.97306099999696,231.99313710001297,231.99313710001297,0.03863279998768121,233.56570619996637,[-0.3175925925925926],[0.11666666666666667],[1],[0],[0],[1.5917254999512807],['target'],0002,001,2025-09-30_11h43.49.670,Visual search main code,2024.2.4,59.955560962780226,2025-09-30 11h44.13.892836 +0530,
100,0,100,[-0.30925925925925923],[-0.04814814814814815],[1],[0],[0],[1.9827719000168145],['target'],100,0,100,0,233.68084799998906,,10,233.6466457999777,233.68084799998906,233.68084799998906,0.080589700024575,235.63028569996823,[-0.30925925925925923],[-0.04814814814814815],[1],[0],[0],[1.9827719000168145],['target'],0002,001,2025-09-30_11h43.49.670,Visual search main code,2024.2.4,59.955560962780226,2025-09-30 11h44.13.892836 +0530,
101,0,101,[0.3731481481481482],[-0.25925925925925924],[1],[0],[0],[2.174775799969211],['target'],101,0,101,0,235.69146819994785,,5,235.6697003999725,235.69146819994785,235.69146819994785,0.039055800065398216,237.8453998999903,[0.3731481481481482],[-0.25925925925925924],[1],[0],[0],[2.174775799969211],['target'],0002,001,2025-09-30_11h43.49.670,Visual search main code,2024.2.4,59.955560962780226,2025-09-30 11h44.13.892836 +0530,
102,0,102,[-0.13148148148148148],[0.08796296296296297],[1],[0],[0],[1.6740865999599919],['target'],102,0,102,0,237.90684209996834,,5,237.88563859998249,237.90684209996834,237.90684209996834,0.039778599981218576,239.56062150001526,[-0.13148148148148148],[0.08796296296296297],[1],[0],[0],[1.6740865999599919],['target'],0002,001,2025-09-30_11h43.49.670,Visual search main code,2024.2.4,59.955560962780226,2025-09-30 11h44.13.892836 +0530,
103,0,103,[-0.4583333333333333],[0.3925925925925926],[1],[0],[0],[1.9094895999878645],['target'],103,0,103,0,239.62046719994396,,5,239.6006400999613,239.62046719994396,239.62046719994396,0.0397207000060007,241.51101020001806,[-0.4583333333333333],[0.3925925925925926],[1],[0],[0],[1.9094895999878645],['target'],0002,001,2025-09-30_11h43.49.670,Visual search main code,2024.2.4,59.955560962780226,2025-09-30 11h44.13.892836 +0530,
104,0,104,[0.09074074074074075],[-0.1712962962962963],[1],[0],[0],[2.4049767999676988],['target'],104,0,104,0,241.57310429995414,,5,241.5511250999989,241.57310429995414,241.57310429995414,0.039765699999406934,243.9570437000366,[0.09074074074074075],[-0.1712962962962963],[1],[0],[0],[2.4049767999676988],['target'],0002,001,2025-09-30_11h43.49.670,Visual search main code,2024.2.4,59.955560962780226,2025-09-30 11h44.13.892836 +0530,
105,0,105,[-0.262037037037037],[-0.4166666666666667],[1],[0],[0],[2.0709740000311285],['target'],105,0,105,0,244.01973609998822,,5,243.99926199996844,244.01973609998822,244.01973609998822,0.04184670001268387,246.071128499927,[-0.262037037037037],[-0.4166666666666667],[1],[0],[0],[2.0709740000311285],['target'],0002,001,2025-09-30_11h43.49.670,Visual search main code,2024.2.4,59.955560962780226,2025-09-30 11h44.13.892836 +0530,
106,0,106,[-0.19722222222222222],[-0.18518518518518517],[1],[0],[0],[2.2685817000456154],['target'],106,0,106,0,246.18472559994552,,10,246.1493191999616,246.18472559994552,246.18472559994552,0.07784490007907152,248.4187589000212,[-0.19722222222222222],[-0.18518518518518517],[1],[0],[0],[2.2685817000456154],['target'],0002,001,2025-09-30_11h43.49.670,Visual search main code,2024.2.4,59.955560962780226,2025-09-30 11h44.13.892836 +0530,
107,0,107,[0.05925925925925926],[-0.1935185185185185],[1],[0],[0],[2.575749000068754],['target'],107,0,107,0,248.5458833000157,,10,248.51008109992836,248.5458833000157,248.5458833000157,0.09094040002673864,251.08669249992818,[0.05925925925925926],[-0.1935185185185185],[1],[0],[0],[2.575749000068754],['target'],0002,001,2025-09-30_11h43.49.670,Visual search main code,2024.2.4,59.955560962780226,2025-09-30 11h44.13.892836 +0530,
108,0,108,[-0.3388888888888889],[-0.2074074074074074],[1],[0],[0],[2.0058683999814093],['target'],108,0,108,0,251.196141500026,,10,251.16064749995712,251.196141500026,251.196141500026,0.07349690003320575,253.16735689993948,[-0.3388888888888889],[-0.2074074074074074],[1],[0],[0],[2.0058683999814093],['target'],0002,001,2025-09-30_11h43.49.670,Visual search main code,2024.2.4,59.955560962780226,2025-09-30 11h44.13.892836 +0530,
109,0,109,[-0.37037037037037035],[-0.45925925925925926],[1],[0],[0],[1.9426173999672756],['target'],109,0,109,0,253.2231085000094,,5,253.2041229000315,253.2231085000094,253.2231085000094,0.036350600072182715,255.14758659992367,[-0.37037037037037035],[-0.45925925925925926],[1],[0],[0],[1.9426173999672756],['target'],0002,001,2025-09-30_11h43.49.670,Visual search main code,2024.2.4,59.955560962780226,2025-09-30 11h44.13.892836 +0530,
110,0,110,[0.46574074074074073],[0.43703703703703706],[1],[0],[0],[2.6326930000213906],['target'],110,0,110,0,255.26186009997036,,10,255.22740640002303,255.26186009997036,255.26186009997036,0.07939239998813719,257.8610173999332,[0.46574074074074073],[0.43703703703703706],[1],[0],[0],[2.6326930000213906],['target'],0002,001,2025-09-30_11h43.49.670,Visual search main code,2024.2.4,59.955560962780226,2025-09-30 11h44.13.892836 +0530,
111,0,111,[-0.35555555555555557],[-0.22314814814814815],[1],[0],[0],[2.1882512000156567],['target'],111,0,111,0,257.970553799998,,10,257.9371029000031,257.970553799998,257.970553799998,0.07560879993252456,260.1262291999301,[-0.35555555555555557],[-0.22314814814814815],[1],[0],[0],[2.1882512000156567],['target'],0002,001,2025-09-30_11h43.49.670,Visual search main code,2024.2.4,59.955560962780226,2025-09-30 11h44.13.892836 +0530,
112,0,112,[0.3648148148148148],[-0.325],[1],[0],[0],[2.0244254999561235],['target'],112,0,112,0,260.18671539996285,,5,260.1662748999661,260.18671539996285,260.18671539996285,0.039667799952439964,262.1916626000311,[0.3648148148148148],[-0.325],[1],[0],[0],[2.0244254999561235],['target'],0002,001,2025-09-30_11h43.49.670,Visual search main code,2024.2.4,59.955560962780226,2025-09-30 11h44.13.892836 +0530,
113,0,113,[-0.25],[0.24259259259259258],[1],[0],[0],[1.9073921999661252],['target'],113,0,113,0,262.25141899997834,,5,262.2305987,262.25141899997834,262.25141899997834,0.038564200047403574,264.1388872999232,[-0.25],[0.24259259259259258],[1],[0],[0],[1.9073921999661252],['target'],0002,001,2025-09-30_11h43.49.670,Visual search main code,2024.2.4,59.955560962780226,2025-09-30 11h44.13.892836 +0530,
114,0,114,[-0.44351851851851853],[0.39351851851851855],[1],[0],[0],[1.8026707000099123],['target'],114,0,114,0,264.2519351999508,,10,264.21679799992125,264.2519351999508,264.2519351999508,0.07757219998165965,266.0205527000362,[-0.44351851851851853],[0.39351851851851855],[1],[0],[0],[1.8026707000099123],['target'],0002,001,2025-09-30_11h43.49.670,Visual search main code,2024.2.4,59.955560962780226,2025-09-30 11h44.13.892836 +0530,
115,0,115,[0.08055555555555556],[-0.044444444444444446],[1],[0],[0],[2.1626305000390857],['target'],115,0,115,0,266.09799689997453,,5,266.07152480003424,266.09799689997453,266.09799689997453,0.05042630003299564,268.2348160999827,[0.08055555555555556],[-0.044444444444444446],[1],[0],[0],[2.1626305000390857],['target'],0002,001,2025-09-30_11h43.49.670,Visual search main code,2024.2.4,59.955560962780226,2025-09-30 11h44.13.892836 +0530,
116,0,116,[0.4361111111111111],[-0.07962962962962963],[1],[0],[0],[1.643299899995327],['target'],116,0,116,0,268.35754879994784,,10,268.32270819996484,268.35754879994784,268.35754879994784,0.08770180004648864,269.96702470001765,[0.4361111111111111],[-0.07962962962962963],[1],[0],[0],[1.643299899995327],['target'],0002,001,2025-09-30_11h43.49.670,Visual search main code,2024.2.4,59.955560962780226,2025-09-30 11h44.13.892836 +0530,
117,0,117,[-0.049074074074074076],[0.22407407407407406],[1],[0],[0],[1.4790232999948785],['target'],117,0,117,0,270.09538990003057,,10,270.0531282000011,270.09538990003057,270.09538990003057,0.08539589995052665,271.53299730003346,[-0.049074074074074076],[0.22407407407407406],[1],[0],[0],[1.4790232999948785],['target'],0002,001,2025-09-30_11h43.49.670,Visual search main code,2024.2.4,59.955560962780226,2025-09-30 11h44.13.892836 +0530,
118,0,118,[-0.2175925925925926],[0.23796296296296296],[1],[0],[0],[1.438709200010635],['target'],118,0,118,0,271.5979632999515,,5,271.5748041999759,271.5979632999515,271.5979632999515,0.04130369995255023,273.01407999999356,[-0.2175925925925926],[0.23796296296296296],[1],[0],[0],[1.438709200010635],['target'],0002,001,2025-09-30_11h43.49.670,Visual search main code,2024.2.4,59.955560962780226,2025-09-30 11h44.13.892836 +0530,
119,0,119,[0.2074074074074074],[0.38425925925925924],[1],[0],[0],[2.4795384999597445],['target'],119,0,119,0,273.0865346000064,,10,273.0649529999355,273.0865346000064,273.0865346000064,0.050541299977339804,275.5452587000327,[0.2074074074074074],[0.38425925925925924],[1],[0],[0],[2.4795384999597445],['target'],0002,001,2025-09-30_11h43.49.670,Visual search main code,2024.2.4,59.955560962780226,2025-09-30 11h44.13.892836 +0530,
120,0,120,[0.4675925925925926],[0.2361111111111111],[1],[0],[0],[5.517128500039689],['target'],120,0,120,0,275.6555371999275,,10,275.62203199998476,275.6555371999275,275.6555371999275,0.07643259991891682,281.1399696000153,[0.4675925925925926],[0.2361111111111111],[1],[0],[0],[5.517128500039689],['target'],0002,001,2025-09-30_11h43.49.670,Visual search main code,2024.2.4,59.955560962780226,2025-09-30 11h44.13.892836 +0530,
121,0,121,[0.19074074074074074],[-0.4601851851851852],[1],[0],[0],[2.326821699971333],['target'],121,0,121,0,281.19894459994975,,5,281.17827939998824,281.19894459994975,281.19894459994975,0.03792759997304529,283.50606929999776,[0.19074074074074074],[-0.4601851851851852],[1],[0],[0],[2.326821699971333],['target'],0002,001,2025-09-30_11h43.49.670,Visual search main code,2024.2.4,59.955560962780226,2025-09-30 11h44.13.892836 +0530,
122,0,122,[-0.4185185185185185],[0.18055555555555555],[1],[0],[0],[1.5327307000989094],['target'],122,0,122,0,283.62234020000324,,10,283.5869660000317,283.62234020000324,283.62234020000324,0.08047090005129576,285.1204952999251,[-0.4185185185185185],[0.18055555555555555],[1],[0],[0],[1.5327307000989094],['target'],0002,001,2025-09-30_11h43.49.670,Visual search main code,2024.2.4,59.955560962780226,2025-09-30 11h44.13.892836 +0530,
123,0,123,[-0.34074074074074073],[0.2898148148148148],[1],[0],[0],[1.6076249000616372],['target'],123,0,123,0,285.23303589993156,,10,285.19682489999104,285.23303589993156,285.23303589993156,0.0759487000759691,286.8052112000296,[-0.34074074074074073],[0.2898148148148148],[1],[0],[0],[1.6076249000616372],['target'],0002,001,2025-09-30_11h43.49.670,Visual search main code,2024.2.4,59.955560962780226,2025-09-30 11h44.13.892836 +0530,
124,0,124,[0.021296296296296296],[-0.13333333333333333],[1],[0],[0],[1.7377751000458375],['target'],124,0,124,0,286.8665617000079,,5,286.845874199993,286.8665617000079,286.8665617000079,0.0402063000947237,288.584460199927,[0.021296296296296296],[-0.13333333333333333],[1],[0],[0],[1.7377751000458375],['target'],0002,001,2025-09-30_11h43.49.670,Visual search main code,2024.2.4,59.955560962780226,2025-09-30 11h44.13.892836 +0530,
125,0,125,[0.20555555555555555],[0.16296296296296298],[1],[0],[0],[1.6346643000142649],['target'],125,0,125,0,288.69959119998384,,10,288.66376819997095,288.69959119998384,288.69959119998384,0.07896449998952448,290.2992275999859,[0.20555555555555555],[0.16296296296296298],[1],[0],[0],[1.6346643000142649],['target'],0002,001,2025-09-30_11h43.49.670,Visual search main code,2024.2.4,59.955560962780226,2025-09-30 11h44.13.892836 +0530,
126,0,126,[0.22685185185185186],[-0.11388888888888889],[1],[0],[0],[2.4729933999478817],['target'],126,0,126,0,290.4088299999712,,10,290.37322790001053,290.4088299999712,290.4088299999712,0.07363009999971837,292.8470156999538,[0.22685185185185186],[-0.11388888888888889],[1],[0],[0],[2.4729933999478817],['target'],0002,001,2025-09-30_11h43.49.670,Visual search main code,2024.2.4,59.955560962780226,2025-09-30 11h44.13.892836 +0530,
127,0,127,[0.3712962962962963],[-0.31851851851851853],[1],[0],[0],[1.6926860999083146],['target'],127,0,127,0,292.90883199998643,,5,292.88606119994074,292.90883199998643,292.90883199998643,0.03863409999758005,294.5795696999412,[0.3712962962962963],[-0.31851851851851853],[1],[0],[0],[1.6926860999083146],['target'],0002,001,2025-09-30_11h43.49.670,Visual search main code,2024.2.4,59.955560962780226,2025-09-30 11h44.13.892836 +0530,
128,0,128,[-0.4083333333333333],[0.36944444444444446],[1],[0],[0],[1.5337670999579132],['target'],128,0,128,0,294.6941237000283,,10,294.65949069999624,294.6941237000283,294.6941237000283,0.07958440005313605,296.1941468999721,[-0.4083333333333333],[0.36944444444444446],[1],[0],[0],[1.5337670999579132],['target'],0002,001,2025-09-30_11h43.49.670,Visual search main code,2024.2.4,59.955560962780226,2025-09-30 11h44.13.892836 +0530,
129,0,129,[-0.462037037037037],[-0.3675925925925926],[1],[0],[0],[2.9139132000273094],['target'],129,0,129,0,296.3138098999625,,10,296.2765543999849,296.3138098999625,296.3138098999625,0.0818768999306485,299.1912734999787,[-0.462037037037037],[-0.3675925925925926],[1],[0],[0],[2.9139132000273094],['target'],0002,001,2025-09-30_11h43.49.670,Visual search main code,2024.2.4,59.955560962780226,2025-09-30 11h44.13.892836 +0530,
130,0,130,[-0.24074074074074073],[-0.29259259259259257],[1],[0],[0],[2.277085299952887],['target'],130,0,130,0,299.29373819998,,10,299.2612454999471,299.29373819998,299.29373819998,0.06964709993917495,301.5391897999216,[-0.24074074074074073],[-0.29259259259259257],[1],[0],[0],[2.277085299952887],['target'],0002,001,2025-09-30_11h43.49.670,Visual search main code,2024.2.4,59.955560962780226,2025-09-30 11h44.13.892836 +0530,
131,0,131,[0.08518518518518518],[0.44074074074074077],[1],[0],[0],[2.771580900065601],['target'],131,0,131,0,301.6516066000331,,10,301.6169211999513,301.6516066000331,301.6516066000331,0.0773423999780789,304.38948829995934,[0.08518518518518518],[0.44074074074074077],[1],[0],[0],[2.771580900065601],['target'],0002,001,2025-09-30_11h43.49.670,Visual search main code,2024.2.4,59.955560962780226,2025-09-30 11h44.13.892836 +0530,
132,0,132,[0.3055555555555556],[0.25833333333333336],[1],[0],[0],[1.680887300055474],['target'],132,0,132,0,304.5000726999715,,10,304.4706595999887,304.5000726999715,304.5000726999715,0.08062470005825162,306.15219279995654,[0.3055555555555556],[0.25833333333333336],[1],[0],[0],[1.680887300055474],['target'],0002,001,2025-09-30_11h43.49.670,Visual search main code,2024.2.4,59.955560962780226,2025-09-30 11h44.13.892836 +0530,
133,0,133,[-0.27685185185185185],[0.41203703703703703],[1],[0],[0],[1.614487300044857],['target'],133,0,133,0,306.25564659992233,,10,306.2214812999591,306.25564659992233,306.25564659992233,0.06892130000051111,307.8369999999413,[-0.27685185185185185],[0.41203703703703703],[1],[0],[0],[1.614487300044857],['target'],0002,001,2025-09-30_11h43.49.670,Visual search main code,2024.2.4,59.955560962780226,2025-09-30 11h44.13.892836 +0530,
134,0,134,[0.42592592592592593],[-0.05925925925925926],[1],[0],[0],[1.862521899980493],['target'],134,0,134,0,307.93517810001504,,5,307.9030899000354,307.93517810001504,307.93517810001504,0.06534359999932349,309.7666051000124,[0.42592592592592593],[-0.05925925925925926],[1],[0],[0],[1.862521899980493],['target'],0002,001,2025-09-30_11h43.49.670,Visual search main code,2024.2.4,59.955560962780226,2025-09-30 11h44.13.892836 +0530,
135,0,135,[-0.4583333333333333],[-0.40925925925925927],[1],[0],[0],[2.2762311999686062],['target'],135,0,135,0,309.84383829997387,,5,309.81977419997565,309.84383829997387,309.84383829997387,0.05273919994942844,312.096932800021,[-0.4583333333333333],[-0.40925925925925927],[1],[0],[0],[2.2762311999686062],['target'],0002,001,2025-09-30_11h43.49.670,Visual search main code,2024.2.4,59.955560962780226,2025-09-30 11h44.13.892836 +0530,
136,0,136,[-0.4583333333333333],[0.3277777777777778],[1],[0],[0],[2.513465099968016],['target'],136,0,136,0,312.2159374000039,,10,312.18000299995765,312.2159374000039,312.2159374000039,0.08267709997016937,314.69436079997104,[-0.4583333333333333],[0.3277777777777778],[1],[0],[0],[2.513465099968016],['target'],0002,001,2025-09-30_11h43.49.670,Visual search main code,2024.2.4,59.955560962780226,2025-09-30 11h44.13.892836 +0530,
137,0,137,[-0.29907407407407405],[0.2675925925925926],[1],[0],[0],[1.550182200036943],['target'],137,0,137,0,314.76672830001917,,5,314.7432857999811,314.76672830001917,314.76672830001917,0.04854640003759414,316.29418880003504,[-0.29907407407407405],[0.2675925925925926],[1],[0],[0],[1.550182200036943],['target'],0002,001,2025-09-30_11h43.49.670,Visual search main code,2024.2.4,59.955560962780226,2025-09-30 11h44.13.892836 +0530,
138,0,138,[0.20185185185185187],[0.10277777777777777],[1],[0],[0],[2.025148499989882],['target'],138,0,138,0,316.42144509998616,,10,316.3810137999244,316.42144509998616,316.42144509998616,0.08641009998973459,318.4068253999576,[0.20185185185185187],[0.10277777777777777],[1],[0],[0],[2.025148499989882],['target'],0002,001,2025-09-30_11h43.49.670,Visual search main code,2024.2.4,59.955560962780226,2025-09-30 11h44.13.892836 +0530,
139,0,139,[-0.47314814814814815],[0.006481481481481481],[1],[0],[0],[2.1869279999518767],['target'],139,0,139,0,318.49637149996124,,10,318.4680676999269,318.49637149996124,318.49637149996124,0.06069740001112223,320.6559418999823,[-0.47314814814814815],[0.006481481481481481],[1],[0],[0],[2.1869279999518767],['target'],0002,001,2025-09-30_11h43.49.670,Visual search main code,2024.2.4,59.955560962780226,2025-09-30 11h44.13.892836 +0530,
140,0,140,[-0.36203703703703705],[0.03611111111111111],[1],[0],[0],[1.9904930999036878],['target'],140,0,140,0,320.7488775999518,,10,320.72910250001587,320.7488775999518,320.7488775999518,0.07256919995415956,322.72049289999995,[-0.36203703703703705],[0.03611111111111111],[1],[0],[0],[1.9904930999036878],['target'],0002,001,2025-09-30_11h43.49.670,Visual search main code,2024.2.4,59.955560962780226,2025-09-30 11h44.13.892836 +0530,
141,0,141,[-0.4287037037037037],[-0.10648148148148148],[1],[0],[0],[1.999715199926868],['target'],141,0,141,0,322.83786919992417,,10,322.8051181000192,322.83786919992417,322.83786919992417,0.08418050000909716,324.80571270000655,[-0.4287037037037037],[-0.10648148148148148],[1],[0],[0],[1.999715199926868],['target'],0002,001,2025-09-30_11h43.49.670,Visual search main code,2024.2.4,59.955560962780226,2025-09-30 11h44.13.892836 +0530,
142,0,142,[-0.019444444444444445],[0.44166666666666665],[1],[0],[0],[2.197684000013396],['target'],142,0,142,0,324.9191652999725,,10,324.88571790000424,324.9191652999725,324.9191652999725,0.07945369998924434,327.0842737000203,[-0.019444444444444445],[0.44166666666666665],[1],[0],[0],[2.197684000013396],['target'],0002,001,2025-09-30_11h43.49.670,Visual search main code,2024.2.4,59.955560962780226,2025-09-30 11h44.13.892836 +0530,
143,0,143,[0.32685185185185184],[-0.07777777777777778],[1],[0],[0],[2.7713541999692097],['target'],143,0,143,0,327.1892214999534,,10,327.1605293999892,327.1892214999534,327.1892214999534,0.07571379991713911,329.9327253999654,[0.32685185185185184],[-0.07777777777777778],[1],[0],[0],[2.7713541999692097],['target'],0002,001,2025-09-30_11h43.49.670,Visual search main code,2024.2.4,59.955560962780226,2025-09-30 11h44.13.892836 +0530,
144,0,144,[-0.3472222222222222],[0.2037037037037037],[1],[0],[0],[1.7072191999759525],['target'],144,0,144,0,329.99433919996955,,5,329.9729587000329,329.99433919996955,329.99433919996955,0.03981260000728071,331.6810405999422,[-0.3472222222222222],[0.2037037037037037],[1],[0],[0],[1.7072191999759525],['target'],0002,001,2025-09-30_11h43.49.670,Visual search main code,2024.2.4,59.955560962780226,2025-09-30 11h44.13.892836 +0530,
145,0,145,[-0.49444444444444446],[-0.1962962962962963],[1],[0],[0],[3.021094800089486],['target'],145,0,145,0,331.7434741000179,,5,331.7217384999385,331.7434741000179,331.7434741000179,0.04038170003332198,334.74370069999713,[-0.49444444444444446],[-0.1962962962962963],[1],[0],[0],[3.021094800089486],['target'],0002,001,2025-09-30_11h43.49.670,Visual search main code,2024.2.4,59.955560962780226,2025-09-30 11h44.13.892836 +0530,
146,0,146,[0.46111111111111114],[0.18055555555555555],[1],[0],[0],[2.041026500053704],['target'],146,0,146,0,334.80361469998024,,5,334.78347819997,334.80361469998024,334.80361469998024,0.03945359995122999,336.8255316999275,[0.46111111111111114],[0.18055555555555555],[1],[0],[0],[2.041026500053704],['target'],0002,001,2025-09-30_11h43.49.670,Visual search main code,2024.2.4,59.955560962780226,2025-09-30 11h44.13.892836 +0530,
147,0,147,"[-0.18703703703703703, 0.4074074074074074]","[0.487962962962963, 0.4601851851851852]","[1, 1]","[0, 0]","[0, 0]","[1.923182800062932, 5.8174718000227585]","[None, 'target']",147,0,147,0,336.88714060001075,,5,336.8680663999403,336.88714060001075,336.88714060001075,0.042129000066779554,342.68621970003005,"[-0.18703703703703703, 0.4074074074074074]","[0.487962962962963, 0.4601851851851852]","[1, 1]","[0, 0]","[0, 0]","[1.923182800062932, 5.8174718000227585]","[None, 'target']",0002,001,2025-09-30_11h43.49.670,Visual search main code,2024.2.4,59.955560962780226,2025-09-30 11h44.13.892836 +0530,
148,0,148,[-0.09351851851851851],[0.032407407407407406],[1],[0],[0],[1.5685576000250876],['target'],148,0,148,0,342.80334089999087,,10,342.7662821999984,342.80334089999087,342.80334089999087,0.07978560007177293,344.33548719994724,[-0.09351851851851851],[0.032407407407407406],[1],[0],[0],[1.5685576000250876],['target'],0002,001,2025-09-30_11h43.49.670,Visual search main code,2024.2.4,59.955560962780226,2025-09-30 11h44.13.892836 +0530,
149,0,149,[-0.44351851851851853],[-0.05277777777777778],[1],[0],[0],[1.9645406999625266],['target'],149,0,149,0,344.3872516999254,,5,344.36884369992185,344.3872516999254,344.3872516999254,0.0328928999369964,346.33400339994114,[-0.44351851851851853],[-0.05277777777777778],[1],[0],[0],[1.9645406999625266],['target'],0002,001,2025-09-30_11h43.49.670,Visual search main code,2024.2.4,59.955560962780226,2025-09-30 11h44.13.892836 +0530,
150,0,150,[-0.2638888888888889],[0.09259259259259259],[1],[0],[0],[1.6269310000352561],['target'],150,0,150,0,346.3903173999861,,5,346.3714165999554,346.3903173999861,346.3903173999861,0.037055699969641864,347.99908169999253,[-0.2638888888888889],[0.09259259259259259],[1],[0],[0],[1.6269310000352561],['target'],0002,001,2025-09-30_11h43.49.670,Visual search main code,2024.2.4,59.955560962780226,2025-09-30 11h44.13.892836 +0530,
151,0,151,[-0.45555555555555555],[0.3333333333333333],[1],[0],[0],[1.6339621000224724],['target'],151,0,151,0,348.09225959994365,,10,348.0632919999771,348.09225959994365,348.09225959994365,0.06375410000327975,349.6979835999664,[-0.45555555555555555],[0.3333333333333333],[1],[0],[0],[1.6339621000224724],['target'],0002,001,2025-09-30_11h43.49.670,Visual search main code,2024.2.4,59.955560962780226,2025-09-30 11h44.13.892836 +0530,
152,0,152,[-0.2462962962962963],[-0.31666666666666665],[1],[0],[0],[2.4444817999610677],['target'],152,0,152,0,349.79596309992485,,10,349.7657800000161,349.79596309992485,349.79596309992485,0.06751219998113811,352.2108811000362,[-0.2462962962962963],[-0.31666666666666665],[1],[0],[0],[2.4444817999610677],['target'],0002,001,2025-09-30_11h43.49.670,Visual search main code,2024.2.4,59.955560962780226,2025-09-30 11h44.13.892836 +0530,
153,0,153,[-0.3851851851851852],[-0.14629629629629629],[1],[0],[0],[2.2797640999779105],['target'],153,0,153,0,352.2643591000233,,5,352.24602760002017,352.2643591000233,352.2643591000233,0.03475530003197491,354.52647219994105,[-0.3851851851851852],[-0.14629629629629629],[1],[0],[0],[2.2797640999779105],['target'],0002,001,2025-09-30_11h43.49.670,Visual search main code,2024.2.4,59.955560962780226,2025-09-30 11h44.13.892836 +0530,
154,0,154,[0.12222222222222222],[0.16944444444444445],[1],[0],[0],[2.6939484999747947],['target'],154,0,154,0,354.6243652999401,,10,354.5957755999407,354.6243652999401,354.6243652999401,0.0690156000200659,357.29054149996955,[0.12222222222222222],[0.16944444444444445],[1],[0],[0],[2.6939484999747947],['target'],0002,001,2025-09-30_11h43.49.670,Visual search main code,2024.2.4,59.955560962780226,2025-09-30 11h44.13.892836 +0530,
155,0,155,[0.42314814814814816],[-0.42407407407407405],[1],[0],[0],[3.149439600063488],['target'],155,0,155,0,357.3842508000089,,10,357.354224300012,357.3842508000089,357.3842508000089,0.06310809997376055,360.5044048000127,[0.42314814814814816],[-0.42407407407407405],[1],[0],[0],[3.149439600063488],['target'],0002,001,2025-09-30_11h43.49.670,Visual search main code,2024.2.4,59.955560962780226,2025-09-30 11h44.13.892836 +0530,
156,0,156,[0.44351851851851853],[-0.4425925925925926],[1],[0],[0],[3.4809234999120235],['target'],156,0,156,0,360.59983069996815,,10,360.5695735999616,360.59983069996815,360.59983069996815,0.06478019990026951,364.0511398999952,[0.44351851851851853],[-0.4425925925925926],[1],[0],[0],[3.4809234999120235],['target'],0002,001,2025-09-30_11h43.49.670,Visual search main code,2024.2.4,59.955560962780226,2025-09-30 11h44.13.892836 +0530,
157,0,157,[0.13333333333333333],[0.15555555555555556],[1],[0],[0],[1.572421899996698],['target'],157,0,157,0,364.11852469993755,,5,364.09389120002743,364.11852469993755,364.11852469993755,0.04236240009777248,365.6669777999632,[0.13333333333333333],[0.15555555555555556],[1],[0],[0],[1.572421899996698],['target'],0002,001,2025-09-30_11h43.49.670,Visual search main code,2024.2.4,59.955560962780226,2025-09-30 11h44.13.892836 +0530,
158,0,158,[-0.1638888888888889],[-0.3824074074074074],[1],[0],[0],[1.7796078999526799],['target'],158,0,158,0,365.72092270001303,,5,365.7018074999796,365.72092270001303,365.72092270001303,0.03437070001382381,367.4821142000146,[-0.1638888888888889],[-0.3824074074074074],[1],[0],[0],[1.7796078999526799],['target'],0002,001,2025-09-30_11h43.49.670,Visual search main code,2024.2.4,59.955560962780226,2025-09-30 11h44.13.892836 +0530,
159,0,159,[-0.15833333333333333],[0.475],[1],[0],[0],[1.847734999959357],['target'],159,0,159,0,367.5804628999904,,10,367.5490965000354,367.5804628999904,367.5804628999904,0.06664360000286251,369.39758560003247,[-0.15833333333333333],[0.475],[1],[0],[0],[1.847734999959357],['target'],0002,001,2025-09-30_11h43.49.670,Visual search main code,2024.2.4,59.955560962780226,2025-09-30 11h44.13.892836 +0530,
160,0,160,[-0.3490740740740741],[0.24722222222222223],[1],[0],[0],[1.5143690999830142],['target'],160,0,160,0,369.51533299998846,,10,369.48041710001417,369.51533299998846,369.51533299998846,0.08218750008381903,370.9953464999562,[-0.3490740740740741],[0.24722222222222223],[1],[0],[0],[1.5143690999830142],['target'],0002,001,2025-09-30_11h43.49.670,Visual search main code,2024.2.4,59.955560962780226,2025-09-30 11h44.13.892836 +0530,
161,0,161,[-0.05277777777777778],[-0.08055555555555556],[1],[0],[0],[2.431205799919553],['target'],161,0,161,0,371.0447887999471,,5,371.0285542999627,371.0447887999471,371.0447887999471,0.032787199947051704,373.46051050000824,[-0.05277777777777778],[-0.08055555555555556],[1],[0],[0],[2.431205799919553],['target'],0002,001,2025-09-30_11h43.49.670,Visual search main code,2024.2.4,59.955560962780226,2025-09-30 11h44.13.892836 +0530,
162,0,162,[-0.19722222222222222],[0.15833333333333333],[1],[0],[0],[1.8691351999295875],['target'],162,0,162,0,373.56556419993285,,10,373.53856299992185,373.56556419993285,373.56556419993285,0.07771230000071228,375.4083918000106,[-0.19722222222222222],[0.15833333333333333],[1],[0],[0],[1.8691351999295875],['target'],0002,001,2025-09-30_11h43.49.670,Visual search main code,2024.2.4,59.955560962780226,2025-09-30 11h44.13.892836 +0530,
163,0,163,[-0.35],[-0.38333333333333336],[1],[0],[0],[3.1454157000407577],['target'],163,0,163,0,375.5088264000369,,10,375.47734430001583,375.5088264000369,375.5088264000369,0.06852369999978691,378.62346329994034,[-0.35],[-0.38333333333333336],[1],[0],[0],[3.1454157000407577],['target'],0002,001,2025-09-30_11h43.49.670,Visual search main code,2024.2.4,59.955560962780226,2025-09-30 11h44.13.892836 +0530,
164,0,164,[0.19537037037037036],[-0.012037037037037037],[1],[0],[0],[2.8618997000157833],['target'],164,0,164,0,378.67888449993916,,5,378.65702629997395,378.67888449993916,378.67888449993916,0.032938299933448434,381.5195319999475,[0.19537037037037036],[-0.012037037037037037],[1],[0],[0],[2.8618997000157833],['target'],0002,001,2025-09-30_11h43.49.670,Visual search main code,2024.2.4,59.955560962780226,2025-09-30 11h44.13.892836 +0530,
165,0,165,[-0.1685185185185185],[0.4287037037037037],[1],[0],[0],[1.8314916000235826],['target'],165,0,165,0,381.67085729993414,,5,381.5534950000001,381.67085729993414,381.67085729993414,0.0337096001021564,383.3859627000056,[-0.1685185185185185],[0.4287037037037037],[1],[0],[0],[1.8314916000235826],['target'],0002,001,2025-09-30_11h43.49.670,Visual search main code,2024.2.4,59.955560962780226,2025-09-30 11h44.13.892836 +0530,
166,0,166,[-0.45],[0.4861111111111111],[1],[0],[0],[1.5506881000474095],['target'],166,0,166,0,383.4480901999632,,5,383.4315908999415,383.4480901999632,383.4480901999632,0.0451424999628216,384.9830296,[-0.45],[0.4861111111111111],[1],[0],[0],[1.5506881000474095],['target'],0002,001,2025-09-30_11h43.49.670,Visual search main code,2024.2.4,59.955560962780226,2025-09-30 11h44.13.892836 +0530,
167,0,167,[-0.2833333333333333],[-0.09907407407407408],[1],[0],[0],[2.047361599979922],['target'],167,0,167,0,385.0857967999764,,10,385.0505008000182,385.0857967999764,385.0857967999764,0.06704349990468472,387.09854609996546,[-0.2833333333333333],[-0.09907407407407408],[1],[0],[0],[2.047361599979922],['target'],0002,001,2025-09-30_11h43.49.670,Visual search main code,2024.2.4,59.955560962780226,2025-09-30 11h44.13.892836 +0530,
168,0,168,[-0.27870370370370373],[-0.3824074074074074],[1],[0],[0],[2.3270843999926],['target'],168,0,168,0,387.15655780001543,,5,387.1351580999326,387.15655780001543,387.15655780001543,0.03632329998072237,389.46288759994786,[-0.27870370370370373],[-0.3824074074074074],[1],[0],[0],[2.3270843999926],['target'],0002,001,2025-09-30_11h43.49.670,Visual search main code,2024.2.4,59.955560962780226,2025-09-30 11h44.13.892836 +0530,
169,0,169,[0.41759259259259257],[-0.10833333333333334],[1],[0],[0],[1.429068599944003],['target'],169,0,169,0,389.5646025999449,,10,389.53182969999034,389.5646025999449,389.5646025999449,0.06862709997221828,390.9615923999809,[0.41759259259259257],[-0.10833333333333334],[1],[0],[0],[1.429068599944003],['target'],0002,001,2025-09-30_11h43.49.670,Visual search main code,2024.2.4,59.955560962780226,2025-09-30 11h44.13.892836 +0530,
170,0,170,[-0.3527777777777778],[0.18796296296296297],[1],[0],[0],[1.5030004000291228],['target'],170,0,170,0,391.0572232999839,,10,391.0232131999219,391.0572232999839,391.0572232999839,0.06123830005526543,392.52683210000396,[-0.3527777777777778],[0.18796296296296297],[1],[0],[0],[1.5030004000291228],['target'],0002,001,2025-09-30_11h43.49.670,Visual search main code,2024.2.4,59.955560962780226,2025-09-30 11h44.13.892836 +0530,
171,0,171,[-0.1787037037037037],[-0.18981481481481483],[1],[0],[0],[1.771032299962826],['target'],171,0,171,0,392.63673309993464,,10,392.60355949995574,392.63673309993464,392.63673309993464,0.07625130005180836,394.3752473000204,[-0.1787037037037037],[-0.18981481481481483],[1],[0],[0],[1.771032299962826],['target'],0002,001,2025-09-30_11h43.49.670,Visual search main code,2024.2.4,59.955560962780226,2025-09-30 11h44.13.892836 +0530,
172,0,172,[-0.05185185185185185],[0.14907407407407408],[1],[0],[0],[1.1149824999738485],['target'],172,0,172,0,394.42918470001314,,5,394.40869900002144,394.42918470001314,394.42918470001314,0.032867299974896014,395.5243065999821,[-0.05185185185185185],[0.14907407407407408],[1],[0],[0],[1.1149824999738485],['target'],0002,001,2025-09-30_11h43.49.670,Visual search main code,2024.2.4,59.955560962780226,2025-09-30 11h44.13.892836 +0530,
173,0,173,[-0.075],[0.4425925925925926],[1],[0],[0],[2.527909200056456],['target'],173,0,173,0,395.6278950999258,,10,395.5929262000136,395.6278950999258,395.6278950999258,0.06834260001778603,398.12133370002266,[-0.075],[0.4425925925925926],[1],[0],[0],[2.527909200056456],['target'],0002,001,2025-09-30_11h43.49.670,Visual search main code,2024.2.4,59.955560962780226,2025-09-30 11h44.13.892836 +0530,
174,0,174,[0.39166666666666666],[-0.3435185185185185],[1],[0],[0],[3.281977500068024],['target'],174,0,174,0,398.1939802999841,,10,398.1711436000187,398.1939802999841,398.1939802999841,0.04940010001882911,401.45388239994645,[0.39166666666666666],[-0.3435185185185185],[1],[0],[0],[3.281977500068024],['target'],0002,001,2025-09-30_11h43.49.670,Visual search main code,2024.2.4,59.955560962780226,2025-09-30 11h44.13.892836 +0530,
175,0,175,[-0.03518518518518519],[0.02962962962962963],[1],[0],[0],[7.405253799981438],['target'],175,0,175,0,401.5572664999636,,10,401.5237823999487,401.5572664999636,401.5572664999636,0.06956990004982799,408.9298965999624,[-0.03518518518518519],[0.02962962962962963],[1],[0],[0],[7.405253799981438],['target'],0002,001,2025-09-30_11h43.49.670,Visual search main code,2024.2.4,59.955560962780226,2025-09-30 11h44.13.892836 +0530,
176,0,176,[0.1685185185185185],[-0.4064814814814815],[1],[0],[0],[3.2260563999880105],['target'],176,0,176,0,408.9890188999707,,5,408.96840240003075,408.9890188999707,408.9890188999707,0.03812490007840097,412.1952637999784,[0.1685185185185185],[-0.4064814814814815],[1],[0],[0],[3.2260563999880105],['target'],0002,001,2025-09-30_11h43.49.670,Visual search main code,2024.2.4,59.955560962780226,2025-09-30 11h44.13.892836 +0530,
177,0,177,[0.39444444444444443],[0.14351851851851852],[1],[0],[0],[4.631047600065358],['target'],177,0,177,0,412.3012137999758,,10,412.27349609998055,412.3012137999758,412.3012137999758,0.07790040003601462,416.9053917999845,[0.39444444444444443],[0.14351851851851852],[1],[0],[0],[4.631047600065358],['target'],0002,001,2025-09-30_11h43.49.670,Visual search main code,2024.2.4,59.955560962780226,2025-09-30 11h44.13.892836 +0530,
178,0,178,[-0.24814814814814815],[0.4935185185185185],[1],[0],[0],[5.139136499958113],['target'],178,0,178,0,417.0128000000259,,10,416.97850359999575,417.0128000000259,417.0128000000259,0.07272309996187687,422.1184383999789,[-0.24814814814814815],[0.4935185185185185],[1],[0],[0],[5.139136499958113],['target'],0002,001,2025-09-30_11h43.49.670,Visual search main code,2024.2.4,59.955560962780226,2025-09-30 11h44.13.892836 +0530,
179,0,179,[0.45],[-0.044444444444444446],[1],[0],[0],[1.8783532000379637],['target'],179,0,179,0,422.1750274000224,,5,422.15507089998573,422.1750274000224,422.1750274000224,0.03623520000837743,424.03433259995654,[0.45],[-0.044444444444444446],[1],[0],[0],[1.8783532000379637],['target'],0002,001,2025-09-30_11h43.49.670,Visual search main code,2024.2.4,59.955560962780226,2025-09-30 11h44.13.892836 +0530,
180,0,180,[0.1675925925925926],[-0.33425925925925926],[1],[0],[0],[2.068175600026734],['target'],180,0,180,0,424.14514479995705,,10,424.1115005000029,424.14514479995705,424.14514479995705,0.07685379998292774,426.18036400002893,[0.1675925925925926],[-0.33425925925925926],[1],[0],[0],[2.068175600026734],['target'],0002,001,2025-09-30_11h43.49.670,Visual search main code,2024.2.4,59.955560962780226,2025-09-30 11h44.13.892836 +0530,
181,0,181,[-0.38981481481481484],[-0.2361111111111111],[1],[0],[0],[1.7915832001017407],['target'],181,0,181,0,426.29262630001176,,10,426.25423209997825,426.29262630001176,426.29262630001176,0.07345060002990067,428.04665679996833,[-0.38981481481481484],[-0.2361111111111111],[1],[0],[0],[1.7915832001017407],['target'],0002,001,2025-09-30_11h43.49.670,Visual search main code,2024.2.4,59.955560962780226,2025-09-30 11h44.13.892836 +0530,
182,0,182,[0.1648148148148148],[-0.14351851851851852],[1],[0],[0],[1.8209555000066757],['target'],182,0,182,0,428.1555715999566,,10,428.12250439997297,428.1555715999566,428.1555715999566,0.07542200002353638,429.9443096999312,[0.1648148148148148],[-0.14351851851851852],[1],[0],[0],[1.8209555000066757],['target'],0002,001,2025-09-30_11h43.49.670,Visual search main code,2024.2.4,59.955560962780226,2025-09-30 11h44.13.892836 +0530,
183,0,183,[-0.049074074074074076],[-0.38796296296296295],[1],[0],[0],[2.342504399945028],['target'],183,0,183,0,430.00321939995047,,5,429.9822348000016,430.00321939995047,430.00321939995047,0.037510499940253794,432.3256087999325,[-0.049074074074074076],[-0.38796296296296295],[1],[0],[0],[2.342504399945028],['target'],0002,001,2025-09-30_11h43.49.670,Visual search main code,2024.2.4,59.955560962780226,2025-09-30 11h44.13.892836 +0530,
184,0,184,[0.14814814814814814],[0.21481481481481482],[1],[0],[0],[1.8023898999672383],['target'],184,0,184,0,432.4392993999645,,10,432.4035900000017,432.4392993999645,432.4392993999645,0.07765049999579787,434.2068439000286,[0.14814814814814814],[0.21481481481481482],[1],[0],[0],[1.8023898999672383],['target'],0002,001,2025-09-30_11h43.49.670,Visual search main code,2024.2.4,59.955560962780226,2025-09-30 11h44.13.892836 +0530,
185,0,185,[-0.36018518518518516],[0.13240740740740742],[1],[0],[0],[1.6400881999870762],['target'],185,0,185,0,434.31462870002724,,10,434.2825626999838,434.31462870002724,434.31462870002724,0.07534740003757179,435.9234414999373,[-0.36018518518518516],[0.13240740740740742],[1],[0],[0],[1.6400881999870762],['target'],0002,001,2025-09-30_11h43.49.670,Visual search main code,2024.2.4,59.955560962780226,2025-09-30 11h44.13.892836 +0530,
186,0,186,[-0.13518518518518519],[0.2111111111111111],[1],[0],[0],[1.5084554000059143],['target'],186,0,186,0,435.9822853000369,,5,435.9626513000112,435.9822853000369,435.9822853000369,0.03882419993169606,437.4719984999392,[-0.13518518518518519],[0.2111111111111111],[1],[0],[0],[1.5084554000059143],['target'],0002,001,2025-09-30_11h43.49.670,Visual search main code,2024.2.4,59.955560962780226,2025-09-30 11h44.13.892836 +0530,
187,0,187,[-0.2916666666666667],[-0.10740740740740741],[1],[0],[0],[1.8579410000238568],['target'],187,0,187,0,437.532728799968,,5,437.5115436000051,437.532728799968,437.532728799968,0.03922829998191446,439.370286499965,[-0.2916666666666667],[-0.10740740740740741],[1],[0],[0],[1.8579410000238568],['target'],0002,001,2025-09-30_11h43.49.670,Visual search main code,2024.2.4,59.955560962780226,2025-09-30 11h44.13.892836 +0530,
188,0,188,[-0.28425925925925927],[-0.35648148148148145],[1],[0],[0],[3.7455700000282377],['target'],188,0,188,0,439.49173869995866,,10,439.4532431999687,439.49173869995866,439.49173869995866,0.08238909998908639,443.19966749998275,[-0.28425925925925927],[-0.35648148148148145],[1],[0],[0],[3.7455700000282377],['target'],0002,001,2025-09-30_11h43.49.670,Visual search main code,2024.2.4,59.955560962780226,2025-09-30 11h44.13.892836 +0530,
189,0,189,[-0.4777777777777778],[0.06111111111111111],[1],[0],[0],[1.9434664000291377],['target'],189,0,189,0,443.2590697000269,,5,443.23827490000986,443.2590697000269,443.2590697000269,0.03818059992045164,445.18264869996347,[-0.4777777777777778],[0.06111111111111111],[1],[0],[0],[1.9434664000291377],['target'],0002,001,2025-09-30_11h43.49.670,Visual search main code,2024.2.4,59.955560962780226,2025-09-30 11h44.13.892836 +0530,
190,0,190,[0.09537037037037037],[0.25277777777777777],[1],[0],[0],[1.7052866000449285],['target'],190,0,190,0,445.2455635999795,,5,445.2230851999484,445.2455635999795,445.2455635999795,0.040062000043690205,446.9292335000355,[0.09537037037037037],[0.25277777777777777],[1],[0],[0],[1.7052866000449285],['target'],0002,001,2025-09-30_11h43.49.670,Visual search main code,2024.2.4,59.955560962780226,2025-09-30 11h44.13.892836 +0530,
191,0,191,[0.45],[-0.24074074074074073],[1],[0],[0],[2.8025182000128552],['target'],191,0,191,0,447.03868739993777,,10,447.00646079995204,447.03868739993777,447.03868739993777,0.07691689999774098,449.80976049997844,[0.45],[-0.24074074074074073],[1],[0],[0],[2.8025182000128552],['target'],0002,001,2025-09-30_11h43.49.670,Visual search main code,2024.2.4,59.955560962780226,2025-09-30 11h44.13.892836 +0530,
192,0,192,[0.2722222222222222],[0.040740740740740744],[1],[0],[0],[2.46066800004337],['target'],192,0,192,0,449.8689010000089,,5,449.8471415999811,449.8689010000089,449.8689010000089,0.037034699926152825,452.30883059999906,[0.2722222222222222],[0.040740740740740744],[1],[0],[0],[2.46066800004337],['target'],0002,001,2025-09-30_11h43.49.670,Visual search main code,2024.2.4,59.955560962780226,2025-09-30 11h44.13.892836 +0530,
193,0,193,[0.25555555555555554],[0.16944444444444445],[1],[0],[0],[1.5070424999576062],['target'],193,0,193,0,452.3704006000189,,5,452.34847630001605,452.3704006000189,452.3704006000189,0.03923459991347045,453.85642440000083,[0.25555555555555554],[0.16944444444444445],[1],[0],[0],[1.5070424999576062],['target'],0002,001,2025-09-30_11h43.49.670,Visual search main code,2024.2.4,59.955560962780226,2025-09-30 11h44.13.892836 +0530,
194,0,194,[0.5046296296296297],[0.05185185185185185],[1],[0],[0],[1.8046809999505058],['target'],194,0,194,0,453.96613029995933,,10,453.9331062999554,453.96613029995933,453.96613029995933,0.07632699992973357,455.73849689995404,[0.5046296296296297],[0.05185185185185185],[1],[0],[0],[1.8046809999505058],['target'],0002,001,2025-09-30_11h43.49.670,Visual search main code,2024.2.4,59.955560962780226,2025-09-30 11h44.13.892836 +0530,
195,0,195,[0.3453703703703704],[-0.2611111111111111],[1],[0],[0],[1.8351450000191107],['target'],195,0,195,0,455.85161180002615,,10,455.81771969993133,455.85161180002615,455.85161180002615,0.07882079994305968,457.6537079999689,[0.3453703703703704],[-0.2611111111111111],[1],[0],[0],[1.8351450000191107],['target'],0002,001,2025-09-30_11h43.49.670,Visual search main code,2024.2.4,59.955560962780226,2025-09-30 11h44.13.892836 +0530,
196,0,196,[0.17222222222222222],[0.4787037037037037],[1],[0],[0],[8.353721200022846],['target'],196,0,196,0,457.71198569994885,,5,457.69139419996645,457.71198569994885,457.71198569994885,0.037311799940653145,466.0459091999801,[0.17222222222222222],[0.4787037037037037],[1],[0],[0],[8.353721200022846],['target'],0002,001,2025-09-30_11h43.49.670,Visual search main code,2024.2.4,59.955560962780226,2025-09-30 11h44.13.892836 +0530,
197,0,197,[0.475],[0.24537037037037038],[1],[0],[0],[1.7842667000368237],['target'],197,0,197,0,466.11411760002375,,5,466.09311729995534,466.11411760002375,466.11411760002375,0.046856299974024296,467.87824430002365,[0.475],[0.24537037037037038],[1],[0],[0],[1.7842667000368237],['target'],0002,001,2025-09-30_11h43.49.670,Visual search main code,2024.2.4,59.955560962780226,2025-09-30 11h44.13.892836 +0530,
198,0,198,[0.18611111111111112],[-0.40185185185185185],[1],[0],[0],[1.9258476999821141],['target'],198,0,198,0,467.9369151999708,,5,467.9162587999599,467.9369151999708,467.9369151999708,0.03768660000059754,469.84291190002114,[0.18611111111111112],[-0.40185185185185185],[1],[0],[0],[1.9258476999821141],['target'],0002,001,2025-09-30_11h43.49.670,Visual search main code,2024.2.4,59.955560962780226,2025-09-30 11h44.13.892836 +0530,
199,0,199,[-0.19722222222222222],[0.024074074074074074],[1],[0],[0],[1.7929053999250755],['target'],199,0,199,0,469.90302149998024,,5,469.8813478000229,469.90302149998024,469.90302149998024,0.038103100028820336,471.67527250002604,[-0.19722222222222222],[0.024074074074074074],[1],[0],[0],[1.7929053999250755],['target'],0002,001,2025-09-30_11h43.49.670,Visual search main code,2024.2.4,59.955560962780226,2025-09-30 11h44.13.892836 +0530,
