study_word,thisN,thisTrialN,thisRepN,Studyslider.response,Studyslider.rt,test_word,Reference,old_new,test_textbox.text,testmouse.x,testmouse.y,testmouse.leftButton,testmouse.midButton,testmouse.rightButton,testmouse.time,testmouse.clicked_name,trials.thisRepN,trials.thisTrialN,trials.thisN,trials.thisIndex,trials_2.thisRepN,trials_2.thisTrialN,trials_2.thisN,trials_2.thisIndex,thisRow.t,notes,trial.started,StudyText.started,Studyslider.started,trial.stopped,trials.Studyslider.response,trials.Studyslider.rt,test.started,TestText.started,test_textbox.started,submit_text.started,testmouse.started,test.stopped,trials_2.test_textbox.text,trials_2.testmouse.x,trials_2.testmouse.y,trials_2.testmouse.leftButton,trials_2.testmouse.midButton,trials_2.testmouse.rightButton,trials_2.testmouse.time,trials_2.testmouse.clicked_name,TestText.stopped,participant,session,date,expName,psychopyVersion,frameRate,expStart,
board,0,0,0,1.0888888888888888,1.4111325000412762,,,,,,,,,,,,0,0,0,4,,,,,0.07642420008778572,,0.02616359991952777,0.07642420008778572,0.07642420008778572,1.4560126001015306,1.0888888888888888,1.4111325000412762,,,,,,,,,,,,,,,,0004,001,2025-10-16_14h51.36.521,Word_PrimingExp,2024.2.4,59.86392932577109,2025-10-16 14h51.51.487340 +0530,
chart,1,1,0,1.0888888888888888,0.7518315999768674,,,,,,,,,,,,0,1,1,6,,,,,1.4805256000254303,,1.465339899994433,1.4805256000254303,1.4805256000254303,2.233938799938187,1.0888888888888888,0.7518315999768674,,,,,,,,,,,,,,,,0004,001,2025-10-16_14h51.36.521,Word_PrimingExp,2024.2.4,59.86392932577109,2025-10-16 14h51.51.487340 +0530,
mouse,2,2,0,1.0888888888888888,1.306505599990487,,,,,,,,,,,,0,2,2,8,,,,,2.2629738999530673,,2.2458496000617743,2.2629738999530673,2.2629738999530673,3.5684122000820935,1.0888888888888888,1.306505599990487,,,,,,,,,,,,,,,,0004,001,2025-10-16_14h51.36.521,Word_PrimingExp,2024.2.4,59.86392932577109,2025-10-16 14h51.51.487340 +0530,
keys,3,3,0,1.0888888888888888,0.9154370001051575,,,,,,,,,,,,0,3,3,13,,,,,3.593612200114876,,3.5780853000469506,3.593612200114876,3.593612200114876,4.5102603998966515,1.0888888888888888,0.9154370001051575,,,,,,,,,,,,,,,,0004,001,2025-10-16_14h51.36.521,Word_PrimingExp,2024.2.4,59.86392932577109,2025-10-16 14h51.51.487340 +0530,
case,4,4,0,1.0888888888888888,0.8091182000935078,,,,,,,,,,,,0,4,4,10,,,,,4.526826800080016,,4.515530399978161,4.526826800080016,4.526826800080016,5.34473569993861,1.0888888888888888,0.8091182000935078,,,,,,,,,,,,,,,,0004,001,2025-10-16_14h51.36.521,Word_PrimingExp,2024.2.4,59.86392932577109,2025-10-16 14h51.51.487340 +0530,
pastry,5,5,0,1.0888888888888888,1.0147265999112278,,,,,,,,,,,,0,5,5,9,,,,,5.373684900114313,,5.3536433998961,5.373684900114313,5.373684900114313,6.386850599898025,1.0888888888888888,1.0147265999112278,,,,,,,,,,,,,,,,0004,001,2025-10-16_14h51.36.521,Word_PrimingExp,2024.2.4,59.86392932577109,2025-10-16 14h51.51.487340 +0530,
book,6,6,0,1.0888888888888888,0.867343399906531,,,,,,,,,,,,0,6,6,0,,,,,6.408970199991018,,6.392623000079766,6.408970199991018,6.408970199991018,7.275595099898055,1.0888888888888888,0.867343399906531,,,,,,,,,,,,,,,,0004,001,2025-10-16_14h51.36.521,Word_PrimingExp,2024.2.4,59.86392932577109,2025-10-16 14h51.51.487340 +0530,
tshirt,7,7,0,1.0888888888888888,0.8999154998455197,,,,,,,,,,,,0,7,7,7,,,,,7.2992378999479115,,7.283390900120139,7.2992378999479115,7.2992378999479115,8.199863099958748,1.0888888888888888,0.8999154998455197,,,,,,,,,,,,,,,,0004,001,2025-10-16_14h51.36.521,Word_PrimingExp,2024.2.4,59.86392932577109,2025-10-16 14h51.51.487340 +0530,
cruise,8,8,0,1.0888888888888888,1.3074014999438077,,,,,,,,,,,,0,8,8,11,,,,,8.223920299904421,,8.206714499974623,8.223920299904421,8.223920299904421,9.529481099918485,1.0888888888888888,1.3074014999438077,,,,,,,,,,,,,,,,0004,001,2025-10-16_14h51.36.521,Word_PrimingExp,2024.2.4,59.86392932577109,2025-10-16 14h51.51.487340 +0530,
marble,9,9,0,1.0888888888888888,0.9268864998593926,,,,,,,,,,,,0,9,9,3,,,,,9.5522674000822,,9.53636149992235,9.5522674000822,9.5522674000822,10.480322600109503,1.0888888888888888,0.9268864998593926,,,,,,,,,,,,,,,,0004,001,2025-10-16_14h51.36.521,Word_PrimingExp,2024.2.4,59.86392932577109,2025-10-16 14h51.51.487340 +0530,
police,10,10,0,1.0888888888888888,0.8632654000539333,,,,,,,,,,,,0,10,10,12,,,,,10.502176699927077,,10.48605710011907,10.502176699927077,10.502176699927077,11.365947999991477,1.0888888888888888,0.8632654000539333,,,,,,,,,,,,,,,,0004,001,2025-10-16_14h51.36.521,Word_PrimingExp,2024.2.4,59.86392932577109,2025-10-16 14h51.51.487340 +0530,
laptop,11,11,0,1.0888888888888888,1.098926000064239,,,,,,,,,,,,0,11,11,5,,,,,11.388792200013995,,11.373290499905124,11.388792200013995,11.388792200013995,12.488339700037614,1.0888888888888888,1.098926000064239,,,,,,,,,,,,,,,,0004,001,2025-10-16_14h51.36.521,Word_PrimingExp,2024.2.4,59.86392932577109,2025-10-16 14h51.51.487340 +0530,
poster,12,12,0,1.0888888888888888,0.9791538999415934,,,,,,,,,,,,0,12,12,14,,,,,12.510694999946281,,12.495066999923438,12.510694999946281,12.510694999946281,13.490786500042304,1.0888888888888888,0.9791538999415934,,,,,,,,,,,,,,,,0004,001,2025-10-16_14h51.36.521,Word_PrimingExp,2024.2.4,59.86392932577109,2025-10-16 14h51.51.487340 +0530,
phone,13,13,0,1.0888888888888888,1.0751816001720726,,,,,,,,,,,,0,13,13,2,,,,,13.516216299962252,,13.500958800083026,13.516216299962252,13.516216299962252,14.59100480005145,1.0888888888888888,1.0751816001720726,,,,,,,,,,,,,,,,0004,001,2025-10-16_14h51.36.521,Word_PrimingExp,2024.2.4,59.86392932577109,2025-10-16 14h51.51.487340 +0530,
cushion,14,14,0,1.0888888888888888,1.0223016000818461,,,,,,,,,,,,0,14,14,1,,,,,14.61438519996591,,14.59881559992209,14.61438519996591,14.61438519996591,15.637480299919844,1.0888888888888888,1.0223016000818461,,,,,,,,,,,,,,,,0004,001,2025-10-16_14h51.36.521,Word_PrimingExp,2024.2.4,59.86392932577109,2025-10-16 14h51.51.487340 +0530,
,0,0,0,,,s_up,soup,new,,"[-0.019444444444444445, -0.05092592592592592]","[-0.06944444444444445, -0.29907407407407405]","[1, 1]","[0, 0]","[0, 0]","[1.491783499950543, 5.102071000030264]","[None, 'submit_text']",,,,,0,0,0,29,15.68408489995636,,,,,,,,15.66644320008345,15.68408489995636,15.68408489995636,15.68408489995636,0.028966200072318316,20.76936120004393,,"[-0.019444444444444445, -0.05092592592592592]","[-0.06944444444444445, -0.29907407407407405]","[1, 1]","[0, 0]","[0, 0]","[1.491783499950543, 5.102071000030264]","[None, 'submit_text']",,0004,001,2025-10-16_14h51.36.521,Word_PrimingExp,2024.2.4,59.86392932577109,2025-10-16 14h51.51.487340 +0530,
,1,1,0,,,P_s_r_,pastry,old,pastry,[-0.06388888888888888],[-0.31296296296296294],[1],[0],[0],[8.637038999935612],['submit_text'],,,,,0,1,1,4,20.787960099987686,,,,,,,,20.775666600093246,20.787960099987686,20.787960099987686,20.787960099987686,0.006073300028219819,29.41395159997046,pastry,[-0.06388888888888888],[-0.31296296296296294],[1],[0],[0],[8.637038999935612],['submit_text'],,0004,001,2025-10-16_14h51.36.521,Word_PrimingExp,2024.2.4,59.86392932577109,2025-10-16 14h51.51.487340 +0530,
,2,2,0,,,k_y_,keys,old,keys,[-0.06388888888888888],[-0.31296296296296294],[1],[0],[0],[3.80392779991962],['submit_text'],,,,,0,2,2,8,29.448740700026974,,,,,,,,29.42114120000042,29.448740700026974,29.448740700026974,29.448740700026974,0.006709100212901831,33.226410400122404,keys,[-0.06388888888888888],[-0.31296296296296294],[1],[0],[0],[3.80392779991962],['submit_text'],,0004,001,2025-10-16_14h51.36.521,Word_PrimingExp,2024.2.4,59.86392932577109,2025-10-16 14h51.51.487340 +0530,
,3,3,0,,,h_n_,hand,new,,[-0.06388888888888888],[-0.31296296296296294],[1],[0],[0],[3.3090907000005245],['submit_text'],,,,,0,3,3,22,33.253410200122744,,,,,,,,33.2323386000935,33.253410200122744,33.253410200122744,33.253410200122744,0.00562989991158247,36.542698400095105,,[-0.06388888888888888],[-0.31296296296296294],[1],[0],[0],[3.3090907000005245],['submit_text'],,0004,001,2025-10-16_14h51.36.521,Word_PrimingExp,2024.2.4,59.86392932577109,2025-10-16 14h51.51.487340 +0530,
,4,4,0,,,p_nc_l,pencil,new,pencil,[-0.06944444444444445],[-0.2972222222222222],[1],[0],[0],[3.3373106999788433],['submit_text'],,,,,0,4,4,16,36.56771220010705,,,,,,,,36.548814200097695,36.56771220010705,36.56771220010705,36.56771220010705,0.005810300121083856,39.88745769998059,pencil,[-0.06944444444444445],[-0.2972222222222222],[1],[0],[0],[3.3373106999788433],['submit_text'],,0004,001,2025-10-16_14h51.36.521,Word_PrimingExp,2024.2.4,59.86392932577109,2025-10-16 14h51.51.487340 +0530,
,5,5,0,,,k_i_e,knife,new,,[-0.06944444444444445],[-0.2972222222222222],[1],[0],[0],[4.072594499913976],['submit_text'],,,,,0,5,5,28,39.912471200106665,,,,,,,,39.89386820001528,39.912471200106665,39.912471200106665,39.912471200106665,0.006092400057241321,43.96783079998568,,[-0.06944444444444445],[-0.2972222222222222],[1],[0],[0],[4.072594499913976],['submit_text'],,0004,001,2025-10-16_14h51.36.521,Word_PrimingExp,2024.2.4,59.86392932577109,2025-10-16 14h51.51.487340 +0530,
,6,6,0,,,v_h_c_e,vehicle,new,vehicle,[-0.06944444444444445],[-0.2972222222222222],[1],[0],[0],[3.469083699863404],['submit_text'],,,,,0,6,6,25,43.99272740003653,,,,,,,,43.976525800069794,43.99272740003653,43.99272740003653,43.99272740003653,0.00844820006750524,47.44688419997692,vehicle,[-0.06944444444444445],[-0.2972222222222222],[1],[0],[0],[3.469083699863404],['submit_text'],,0004,001,2025-10-16_14h51.36.521,Word_PrimingExp,2024.2.4,59.86392932577109,2025-10-16 14h51.51.487340 +0530,
,7,7,0,,,or_n_e,orange,new,orange,[-0.06944444444444445],[-0.2972222222222222],[1],[0],[0],[5.605136000085622],['submit_text'],,,,,0,7,7,23,47.472917899955064,,,,,,,,47.452695100102574,47.472917899955064,47.472917899955064,47.472917899955064,0.005545999854803085,53.05909899994731,orange,[-0.06944444444444445],[-0.2972222222222222],[1],[0],[0],[5.605136000085622],['submit_text'],,0004,001,2025-10-16_14h51.36.521,Word_PrimingExp,2024.2.4,59.86392932577109,2025-10-16 14h51.51.487340 +0530,
,8,8,0,,,_oo_,book,old,fool,[-0.06944444444444445],[-0.2972222222222222],[1],[0],[0],[3.7899966998957098],['submit_text'],,,,,0,8,8,13,53.08648769999854,,,,,,,,53.06504140002653,53.08648769999854,53.08648769999854,53.08648769999854,0.005688499892130494,56.85644909995608,fool,[-0.06944444444444445],[-0.2972222222222222],[1],[0],[0],[3.7899966998957098],['submit_text'],,0004,001,2025-10-16_14h51.36.521,Word_PrimingExp,2024.2.4,59.86392932577109,2025-10-16 14h51.51.487340 +0530,
,9,9,0,,,v_s_,vase,new,vase,[-0.06944444444444445],[-0.2972222222222222],[1],[0],[0],[2.523276099935174],['submit_text'],,,,,0,9,9,17,56.88329569995403,,,,,,,,56.862498600035906,56.88329569995403,56.88329569995403,56.88329569995403,0.005739499814808369,59.387288900092244,vase,[-0.06944444444444445],[-0.2972222222222222],[1],[0],[0],[2.523276099935174],['submit_text'],,0004,001,2025-10-16_14h51.36.521,Word_PrimingExp,2024.2.4,59.86392932577109,2025-10-16 14h51.51.487340 +0530,
,10,10,0,,,p_li_e,police,old,police,[-0.06944444444444445],[-0.2972222222222222],[1],[0],[0],[3.6541011999361217],['submit_text'],,,,,0,10,10,7,59.41766820009798,,,,,,,,59.394559799926355,59.41766820009798,59.41766820009798,59.41766820009798,0.006914600031450391,63.050053199985996,police,[-0.06944444444444445],[-0.2972222222222222],[1],[0],[0],[3.6541011999361217],['submit_text'],,0004,001,2025-10-16_14h51.36.521,Word_PrimingExp,2024.2.4,59.86392932577109,2025-10-16 14h51.51.487340 +0530,
,11,11,0,,,_lo_e,glove,new,,[-0.06944444444444445],[-0.2972222222222222],[1],[0],[0],[3.9889546998310834],['submit_text'],,,,,0,11,11,26,63.0770966000855,,,,,,,,63.05641650012694,63.0770966000855,63.0770966000855,63.0770966000855,0.006076599936932325,67.04666949994862,,[-0.06944444444444445],[-0.2972222222222222],[1],[0],[0],[3.9889546998310834],['submit_text'],,0004,001,2025-10-16_14h51.36.521,Word_PrimingExp,2024.2.4,59.86392932577109,2025-10-16 14h51.51.487340 +0530,
,12,12,0,,,c_s_io_,cushion,old,cushion,[-0.05277777777777778],[-0.2814814814814815],[1],[0],[0],[4.0074685998260975],['submit_text'],,,,,0,12,12,14,67.0691992000211,,,,,,,,67.05166009999812,67.0691992000211,67.0691992000211,67.0691992000211,0.004754399880766869,71.0605733001139,cushion,[-0.05277777777777778],[-0.2814814814814815],[1],[0],[0],[4.0074685998260975],['submit_text'],,0004,001,2025-10-16_14h51.36.521,Word_PrimingExp,2024.2.4,59.86392932577109,2025-10-16 14h51.51.487340 +0530,
,13,13,0,,,ta_l_,table,new,table,[-0.03888888888888889],[-0.30462962962962964],[1],[0],[0],[6.834583299933001],['submit_text'],,,,,0,13,13,15,71.09032410010695,,,,,,,,71.06832759990357,71.09032410010695,71.09032410010695,71.09032410010695,0.007397799985483289,77.90430540009402,table,[-0.03888888888888889],[-0.30462962962962964],[1],[0],[0],[6.834583299933001],['submit_text'],,0004,001,2025-10-16_14h51.36.521,Word_PrimingExp,2024.2.4,59.86392932577109,2025-10-16 14h51.51.487340 +0530,
,14,14,0,,,c_s_,case,old,case,[-0.03888888888888889],[-0.30462962962962964],[1],[0],[0],[3.573071700055152],['submit_text'],,,,,0,14,14,5,77.93130160006694,,,,,,,,77.91042630001903,77.93130160006694,77.93130160006694,77.93130160006694,0.005853300215676427,81.48518360010348,case,[-0.03888888888888889],[-0.30462962962962964],[1],[0],[0],[3.573071700055152],['submit_text'],,0004,001,2025-10-16_14h51.36.521,Word_PrimingExp,2024.2.4,59.86392932577109,2025-10-16 14h51.51.487340 +0530,
,15,15,0,,,_o_rd,board,old,board,[-0.03888888888888889],[-0.30462962962962964],[1],[0],[0],[8.000942799961194],['submit_text'],,,,,0,15,15,10,81.51417499990202,,,,,,,,81.49219670007005,81.51417499990202,81.51417499990202,81.51417499990202,0.006572799989953637,89.49459949997254,board,[-0.03888888888888889],[-0.30462962962962964],[1],[0],[0],[8.000942799961194],['submit_text'],,0004,001,2025-10-16_14h51.36.521,Word_PrimingExp,2024.2.4,59.86392932577109,2025-10-16 14h51.51.487340 +0530,
,16,16,0,,,_ha_t,chart,old,chart,[-0.03888888888888889],[-0.30462962962962964],[1],[0],[0],[6.936082300031558],['submit_text'],,,,,0,16,16,1,89.52391700004227,,,,,,,,89.50073270010762,89.52391700004227,89.52391700004227,89.52391700004227,0.005891400156542659,96.43815820012242,chart,[-0.03888888888888889],[-0.30462962962962964],[1],[0],[0],[6.936082300031558],['submit_text'],,0004,001,2025-10-16_14h51.36.521,Word_PrimingExp,2024.2.4,59.86392932577109,2025-10-16 14h51.51.487340 +0530,
,17,17,0,,,p_st_r,poster,old,poster,[-0.04259259259259259],[-0.30092592592592593],[1],[0],[0],[3.339585700072348],['submit_text'],,,,,0,17,17,9,96.46585869998671,,,,,,,,96.44467550003901,96.46585869998671,96.46585869998671,96.46585869998671,0.006247800076380372,99.78584300004877,poster,[-0.04259259259259259],[-0.30092592592592593],[1],[0],[0],[3.339585700072348],['submit_text'],,0004,001,2025-10-16_14h51.36.521,Word_PrimingExp,2024.2.4,59.86392932577109,2025-10-16 14h51.51.487340 +0530,
,18,18,0,,,_a_bl_,marble,old,,[-0.04259259259259259],[-0.30092592592592593],[1],[0],[0],[5.368740699952468],['submit_text'],,,,,0,18,18,11,99.81514149997383,,,,,,,,99.79361500008963,99.81514149997383,99.81514149997383,99.81514149997383,0.007350299973040819,105.163701799931,,[-0.04259259259259259],[-0.30092592592592593],[1],[0],[0],[5.368740699952468],['submit_text'],,0004,001,2025-10-16_14h51.36.521,Word_PrimingExp,2024.2.4,59.86392932577109,2025-10-16 14h51.51.487340 +0530,
,19,19,0,,,t_hi_t,tshirt,old,tshirt,[-0.04259259259259259],[-0.30092592592592593],[1],[0],[0],[3.472536699846387],['submit_text'],,,,,0,19,19,2,105.1873286999762,,,,,,,,105.16971240006387,105.1873286999762,105.1873286999762,105.1873286999762,0.0057251001708209515,108.64375720010139,tshirt,[-0.04259259259259259],[-0.30092592592592593],[1],[0],[0],[3.472536699846387],['submit_text'],,0004,001,2025-10-16_14h51.36.521,Word_PrimingExp,2024.2.4,59.86392932577109,2025-10-16 14h51.51.487340 +0530,
,20,20,0,,,_p_le,apple,new,apple,[-0.04259259259259259],[-0.30092592592592593],[1],[0],[0],[5.836521999910474],['submit_text'],,,,,0,20,20,27,108.67087360005826,,,,,,,,108.65156690008007,108.67087360005826,108.67087360005826,108.67087360005826,0.007516699843108654,114.48963829991408,apple,[-0.04259259259259259],[-0.30092592592592593],[1],[0],[0],[5.836521999910474],['submit_text'],,0004,001,2025-10-16_14h51.36.521,Word_PrimingExp,2024.2.4,59.86392932577109,2025-10-16 14h51.51.487340 +0530,
,21,21,0,,,_o_se,mouse,old,,[-0.04259259259259259],[-0.30092592592592593],[1],[0],[0],[13.220206999918446],['submit_text'],,,,,0,21,21,3,114.51857640012167,,,,,,,,114.49600129993632,114.51857640012167,114.51857640012167,114.51857640012167,0.006094899959862232,127.71768600004725,,[-0.04259259259259259],[-0.30092592592592593],[1],[0],[0],[13.220206999918446],['submit_text'],124.52762500010431,0004,001,2025-10-16_14h51.36.521,Word_PrimingExp,2024.2.4,59.86392932577109,2025-10-16 14h51.51.487340 +0530,
,22,22,0,,,s_ra_g_t,straight,new,straight,[-0.04259259259259259],[-0.30092592592592593],[1],[0],[0],[4.661053100135177],['submit_text'],,,,,0,22,22,21,127.74409499997273,,,,,,,,127.72815220011398,127.74409499997273,127.74409499997273,127.74409499997273,0.01017570006661117,132.39093969995156,straight,[-0.04259259259259259],[-0.30092592592592593],[1],[0],[0],[4.661053100135177],['submit_text'],,0004,001,2025-10-16_14h51.36.521,Word_PrimingExp,2024.2.4,59.86392932577109,2025-10-16 14h51.51.487340 +0530,
,23,23,0,,,c_m_ra,camera,new,camera,[-0.04259259259259259],[-0.30092592592592593],[1],[0],[0],[3.6863030998501927],['submit_text'],,,,,0,23,23,19,132.42670139996335,,,,,,,,132.39883640012704,132.42670139996335,132.42670139996335,132.42670139996335,0.007467899937182665,136.086852400098,camera,[-0.04259259259259259],[-0.30092592592592593],[1],[0],[0],[3.6863030998501927],['submit_text'],,0004,001,2025-10-16_14h51.36.521,Word_PrimingExp,2024.2.4,59.86392932577109,2025-10-16 14h51.51.487340 +0530,
,24,24,0,,,_r_i_e,cruise,old,,[-0.04259259259259259],[-0.30092592592592593],[1],[0],[0],[3.904241899959743],['submit_text'],,,,,0,24,24,6,136.11394910002127,,,,,,,,136.09359599999152,136.11394910002127,136.11394910002127,136.11394910002127,0.006528300000354648,139.99934280011803,,[-0.04259259259259259],[-0.30092592592592593],[1],[0],[0],[3.904241899959743],['submit_text'],,0004,001,2025-10-16_14h51.36.521,Word_PrimingExp,2024.2.4,59.86392932577109,2025-10-16 14h51.51.487340 +0530,
,25,25,0,,,_ho_e,phone,old,shove,[-0.04259259259259259],[-0.30092592592592593],[1],[0],[0],[8.503942399984226],['submit_text'],,,,,0,25,25,12,140.0211587001104,,,,,,,,140.00426109996624,140.0211587001104,140.0211587001104,140.0211587001104,0.004666000138968229,148.50961569999345,shove,[-0.04259259259259259],[-0.30092592592592593],[1],[0],[0],[8.503942399984226],['submit_text'],,0004,001,2025-10-16_14h51.36.521,Word_PrimingExp,2024.2.4,59.86392932577109,2025-10-16 14h51.51.487340 +0530,
,26,26,0,,,_u_rd,guard,new,,[-0.04259259259259259],[-0.30092592592592593],[1],[0],[0],[5.005424200091511],['submit_text'],,,,,0,26,26,20,148.5378360999748,,,,,,,,148.51645780005492,148.5378360999748,148.5378360999748,148.5378360999748,0.006588099990040064,153.52330200001597,,[-0.04259259259259259],[-0.30092592592592593],[1],[0],[0],[5.005424200091511],['submit_text'],,0004,001,2025-10-16_14h51.36.521,Word_PrimingExp,2024.2.4,59.86392932577109,2025-10-16 14h51.51.487340 +0530,
,27,27,0,,,p_r_l_,purple,new,purple,[-0.04259259259259259],[-0.30092592592592593],[1],[0],[0],[8.483980299904943],['submit_text'],,,,,0,27,27,24,153.54698149999604,,,,,,,,153.5287935999222,153.54698149999604,153.54698149999604,153.54698149999604,0.005261800019070506,162.01455949991941,purple,[-0.04259259259259259],[-0.30092592592592593],[1],[0],[0],[8.483980299904943],['submit_text'],,0004,001,2025-10-16_14h51.36.521,Word_PrimingExp,2024.2.4,59.86392932577109,2025-10-16 14h51.51.487340 +0530,
,28,28,0,,,bo_t_e,bottle ,new,bottle,[-0.04259259259259259],[-0.30092592592592593],[1],[0],[0],[4.021785200107843],['submit_text'],,,,,0,28,28,18,162.04116449994035,,,,,,,,162.02104669995606,162.04116449994035,162.04116449994035,162.04116449994035,0.006183300167322159,166.04430499998853,bottle,[-0.04259259259259259],[-0.30092592592592593],[1],[0],[0],[4.021785200107843],['submit_text'],,0004,001,2025-10-16_14h51.36.521,Word_PrimingExp,2024.2.4,59.86392932577109,2025-10-16 14h51.51.487340 +0530,
,29,29,0,,,l_pt_p,laptop,old,laptop,[-0.04259259259259259],[-0.30092592592592593],[1],[0],[0],[2.938469599932432],['submit_text'],,,,,0,29,29,0,166.07179390010424,,,,,,,,166.0510529000312,166.07179390010424,166.07179390010424,166.07179390010424,0.006335600046440959,168.99101100000553,laptop,[-0.04259259259259259],[-0.30092592592592593],[1],[0],[0],[2.938469599932432],['submit_text'],,0004,001,2025-10-16_14h51.36.521,Word_PrimingExp,2024.2.4,59.86392932577109,2025-10-16 14h51.51.487340 +0530,
